"runNumber","sampleCount","errorCount","errorPct","meanResTime","minResTime","maxResTime","pct1ResTime","pct2ResTime","pct3ResTime","throughput","receivedKBytesPerSec","sentKBytesPerSec"
1,34995,0,0.0,13.072638948421243,2.0,131.0,21.0,25.0,39.0,1117.9439670319139,269.660312360237,216.16494675031146
2,34995,0,0.0,13.010372910415839,2.0,146.0,20.0,24.0,35.0,1123.6514256357566,271.03701380081236,217.26853737878886
3,34995,0,0.0,12.910701528789852,2.0,119.0,20.0,24.0,36.0,1133.4780073848544,273.4072927969327,219.16859908418087
4,34995,0,0.0,13.023260465780897,2.0,129.0,21.0,25.0,37.0,1118.5871823557616,269.8154629315167,216.28931846332108
5,34995,0,0.0,13.66663809115589,2.0,144.0,22.0,26.0,40.0,1069.6601051473285,258.0137167689357,206.8288093937217
6,34995,0,0.0,14.67729675667957,2.0,147.0,23.0,28.0,42.9900000000016,999.4573599131776,241.08004677593246,193.25445045196204
