"runNumber","sampleCount","errorCount","errorPct","meanResTime","minResTime","maxResTime","pct1ResTime","pct2ResTime","pct3ResTime","throughput","receivedKBytesPerSec","sentKBytesPerSec"
1,34995,0,0.0,18.73436205172161,2.0,92.0,23.0,25.0,31.0,787.9627127803296,190.06522466478654,152.35997766650905
2,34995,0,0.0,18.847492498928425,2.0,90.0,23.0,25.0,32.0,782.6582872989958,188.78573922153512,151.33431727070428
3,34995,0,0.0,18.826232318902843,2.0,90.0,23.0,26.0,35.0,784.2016806722689,189.1580225840336,151.6327468487395
4,34995,0,0.0,18.609115587940995,2.0,77.0,23.0,25.0,31.0,792.2080862045548,191.08925516848146,153.18086041845882
5,34995,0,0.0,18.753336190884443,3.0,89.0,23.0,25.0,31.0,787.6257567914295,189.98394719480768,152.2948240670928
6,34995,0,0.0,18.74490641520225,3.0,104.0,23.0,25.0,33.0,786.7050333835398,189.76185863841243,152.1167935643954
