"runNumber","sampleCount","errorCount","errorPct","meanResTime","minResTime","maxResTime","pct1ResTime","pct2ResTime","pct3ResTime","throughput","StdDev","receivedKBytesPerSec","sentKBytesPerSec"
1,35000,6,0.017142856,9.737285714285736,3.0,1628.0,11.0,14.0,23.0,506.1387398591488,19.907368087108576,115.65501809445996,95.8895659498778
2,35000,0,0.0,9.211085714285755,3.0,747.0,11.0,14.0,39.9900000000016,535.1436478449001,10.472145590737542,122.28868515205724,101.38463640811582
3,35000,0,0.0,9.336657142857105,3.0,968.0,12.0,16.0,39.0,529.2765545608517,12.71523028943415,120.94796266331963,100.27309725078635
4,35000,0,0.0,9.103657142857179,3.0,169.0,12.0,16.0,38.0,541.8627693832053,5.38581453949425,123.82410940983404,102.65759498080257
5,35000,0,0.0,9.067114285714183,3.0,218.0,11.0,15.0,34.0,543.6555398499511,5.403138089359526,124.23378547352397,102.99724094813526
6,35000,0,0.0,9.245514285714389,3.0,686.0,12.0,15.0,37.0,534.9555222694343,6.871461713345245,122.24569551860117,101.34899542995139
