"runNumber","sampleCount","errorCount","errorPct","meanResTime","minResTime","maxResTime","pct1ResTime","pct2ResTime","pct3ResTime","throughput","receivedKBytesPerSec","sentKBytesPerSec"
1,35000,0,0.0,86.88565714285696,5.0,554.0,77.0,100.0,137.0,569.6429152696852,130.17230680967415,107.92063043195209
2,35000,0,0.0,86.16288571428545,4.0,444.0,79.0,102.95000000000073,138.0,574.0057400574005,131.16928044280442,108.74718122181221
3,35000,5894,16.84,171.53462857142793,2.0,35485.0,152.0,179.0,266.0,289.75188959625143,63.034221961847955,54.89440095866482
4,35000,0,0.0,120.06131428571392,7.0,534.0,157.0,178.0,344.0,413.28169280181373,94.44132433166446,78.2975082065936
5,35000,0,0.0,119.46511428571404,7.0,471.0,153.0,177.0,366.0,414.85414913414013,94.80065517323123,78.59541497267888
6,35000,0,0.0,117.4761714285715,6.0,688.0,150.0,177.0,382.0,419.3324227829296,95.8240106750054,79.44383791004721
