"runNumber","sampleCount","errorCount","errorPct","meanResTime","minResTime","maxResTime","pct1ResTime","pct2ResTime","pct3ResTime","throughput","StdDev","receivedKBytesPerSec","sentKBytesPerSec"
1,35000,0,0.0,18.790685714285477,4.0,147.0,22.0,33.0,76.0,526.1575466025256,11.044156227137403,120.23522061034276,99.6821914461816
2,35000,0,0.0,18.08528571428578,4.0,140.0,21.0,33.0,84.0,546.909181823864,9.367134285586847,124.97729350271892,103.61365358772423
3,35000,0,0.0,17.978314285714333,3.0,176.0,22.0,34.0,87.0,549.778517797116,9.97627194403194,125.6329816059816,104.15725825453175
4,35000,0,0.0,18.201828571428567,3.0,205.0,20.0,31.950000000000728,89.0,543.2420686657975,10.796489968195434,124.13930084745763,102.91890754019991
5,35000,0,0.0,18.295628571428733,3.0,159.0,20.0,25.0,38.0,540.6657913030045,9.875909599716229,123.55058121572566,102.43082374295204
6,35000,0,0.0,18.498000000000022,3.0,171.0,19.0,25.0,37.0,534.3429871299676,10.602959536645464,122.10572166837147,101.23294873360712
