"runNumber","sampleCount","errorCount","errorPct","meanResTime","minResTime","maxResTime","pct1ResTime","pct2ResTime","pct3ResTime","throughput","receivedKBytesPerSec","sentKBytesPerSec"
1,35000,557,1.5914285,88.12311428571405,3.0,6043.0,123.0,154.0,350.9800000000032,543.7146585471945,130.82037136196638,105.13232655502392
2,35000,276,0.7885714,81.72911428571423,4.0,2198.0,168.0,228.0,379.9900000000016,589.7617362585515,142.07985531880834,114.03596072186838
3,35000,775,2.2142856,89.26542857142884,4.0,6063.0,120.0,137.0,199.0,533.862111043319,128.32315757988866,103.22724412751677
4,35000,247,0.7057143,80.15814285714238,4.0,2301.0,168.0,224.0,363.9900000000016,594.4495397262135,143.22795587379835,114.94239147049832
5,35000,0,0.0,82.86465714285701,4.0,2396.0,164.0,215.0,337.0,584.1511449362441,140.90364531176982,112.95110029040657
6,35000,0,0.0,99.78408571428642,4.0,220.0,126.0,135.0,156.0,496.0036279122499,119.64150009211497,95.9069514908452
