"resTime","throughput","errorPct"
79,560.4372761539914,0.74714285
