"resTime","throughput","errorPct"
34.0,509.7852967153172,0.7057143
