"resTime","throughput","errorPct"
34.0,535.3995826241844,0.7057143
