"resTime","throughput","errorPct"
81.0,560.4372761539914,0.74714285
