"resTime","throughput","errorPct"
19.0,481.0709681692455,0.5485714
