"runNumber","sampleCount","errorCount","errorPct","meanResTime","minResTime","maxResTime","pct1ResTime","pct2ResTime","pct3ResTime","throughput","receivedKBytesPerSec","sentKBytesPerSec"
1,35000,134,0.38285714,10.454799999999947,3.0,208.0,16.0,19.0,28.0,471.34873072520367,113.62573963874488,91.1396959800687
2,35000,14563,41.60857,7.702742857142934,0.0,1007.0,12.0,15.0,23.0,625.4467476769121,130.80497998011973,120.93599222659041
3,35000,0,0.0,11.007542857142859,4.0,77.0,15.0,17.0,22.0,448.63742405209325,108.21625365319046,86.74825191632272
4,35000,0,0.0,10.973714285714228,4.0,61.0,15.0,16.0,22.0,450.66505285657263,108.70533989802094,87.14031295468885
5,35000,0,0.0,11.13377142857135,4.0,75.0,15.0,17.0,22.0,443.9934035265762,107.09606510846125,85.85028701002156
6,35000,0,0.0,10.992657142857174,4.0,66.0,15.0,17.0,22.0,448.407512747585,108.16079653188818,86.70379641017756
