"resTime","throughput","errorPct"
35,515.8430093081279,0.7057143
