"resTime","throughput","errorPct"
36,509.7852967153172,0.7057143
