"runNumber","sampleCount","errorCount","errorPct","meanResTime","minResTime","maxResTime","pct1ResTime","pct2ResTime","pct3ResTime","throughput","receivedKBytesPerSec","sentKBytesPerSec"
1,35000,0,0.0,39.8216571428571,4.0,1025.0,54.0,59.0,71.0,496.8556137586417,119.84700839685988,96.07169094161237
2,35000,11903,34.00857,26.924457142856863,0.0,2070.0,37.0,46.0,66.9900000000016,708.2439596908009,152.62465647006152,136.94560939333846
3,35000,494,1.4114286,36.93128571428567,4.0,2035.0,56.0,67.0,99.0,531.0755037630493,127.81573742678745,102.68842748543337
4,35000,8122,23.205715,29.158771428571473,0.0,1009.0,61.0,75.0,111.0,670.6779596060246,149.82021189830607,129.68187109569615
5,35000,0,0.0,36.29817142857135,4.0,447.0,65.0,83.0,132.9900000000016,539.7236614853194,130.18725037780658,104.36062985751296
6,35000,0,0.0,39.303257142857454,5.0,261.0,53.0,58.0,71.0,503.12657227053836,121.35963217853806,97.28423956012362
