"resTime","throughput","errorPct"
81.0,563.9329017417193,0.74714285
