"resTime","throughput","errorPct"
19.0,485.76792035483595,0.5485714
