"resTime","throughput","errorPct"
82,560.4372761539914,0.74714285
