"runNumber","sampleCount","errorCount","errorPct","meanResTime","minResTime","maxResTime","pct1ResTime","pct2ResTime","pct3ResTime","throughput","receivedKBytesPerSec","sentKBytesPerSec"
1,34995,296,0.8458351,27.799057008144008,3.0,2068.0,44.0,51.0,68.0,527.7962113899614,127.14019245162433,102.05434556173081
2,34995,0,0.0,25.026946706672472,4.0,142.0,43.0,53.0,77.0,588.2402380191962,141.88997928783346,113.741764773243
3,34995,0,0.0,24.72747535362196,4.0,236.0,42.0,52.0,75.0,595.7001327749974,143.6893874955316,115.18420536079051
4,34995,0,0.0,24.284583511930176,4.0,248.0,43.0,52.0,75.0,605.7956965049249,146.1245478874184,117.13627725388197
5,34995,0,0.0,24.058608372624825,4.0,221.0,42.0,51.0,74.0,611.1596227733147,147.4183855712976,118.1734426846839
6,34995,0,0.0,25.213544792113044,4.0,222.0,44.0,55.0,80.0,585.9355378819589,141.33406040707408,113.2961293951444
