"resTime","throughput","errorPct"
37,226.32431294092873,76.42234400000001
