"resTime","throughput","errorPct"
5.0,667.3619660804293,76.60951499999999
