"resTime","throughput","errorPct"
43.0,193.5282954064669,77.99543
