"resTime","throughput","errorPct"
29.0,181.5648395352122,76.60951499999999
