"resTime","throughput","errorPct"
44,193.5282954064669,77.99543
