"resTime","throughput","errorPct"
7.0,884.7334146575474,76.42234400000001
