"resTime","throughput","errorPct"
27,181.5648395352122,76.60951499999999
