"runNumber","sampleCount","errorCount","errorPct","meanResTime","minResTime","maxResTime","pct1ResTime","pct2ResTime","pct3ResTime","throughput","StdDev","receivedKBytesPerSec","sentKBytesPerSec"
1,34995,26922,76.93099,15.04572081725962,0.0,2830.0,4.0,6.0,12.0,914.2566031820676,52.04955819374492,163.3532886100008,173.20877052472764
2,34995,26449,75.57937,15.836405200743163,0.0,1053.0,3.0,4.0,8.0,883.0208675027125,46.64534064822074,158.288852358318,167.29106278859985
3,34995,28057,80.17431,14.538762680382735,0.0,1175.0,4.0,6.0,11.0,629.6103054945846,60.47161248149433,111.33708557851463,119.28163990815372
4,34995,28202,80.58865,13.24343477639672,0.0,1024.0,5.0,7.0,13.0,639.5401962755167,52.04445048722403,112.91412217991008,121.16288874751001
5,34995,27667,79.05987,14.935990855836867,0.0,1453.0,3.0,5.0,9.0,842.2990829662792,51.15468346924764,149.4640576485667,159.57619345259587
6,34995,26640,76.12516,15.873667666809334,0.0,1551.0,4.0,5.0,11.0,879.1167382621147,47.14827681892731,157.50814574854925,166.5514133035647
