"resTime","throughput","errorPct"
7.0,226.32431294092873,76.42234400000001
