"resTime","throughput","errorPct"
5.0,181.5648395352122,76.60951499999999
