"runNumber","sampleCount","errorCount","errorPct","meanResTime","minResTime","maxResTime","pct1ResTime","pct2ResTime","pct3ResTime","throughput","StdDev","receivedKBytesPerSec","sentKBytesPerSec"
1,35000,0,0.0,2.897371428571412,2.0,385.0,3.0,4.0,8.0,339.38406640291674,2.6258944244523996,114.01183480722985,64.96023145993328
2,35000,0,0.0,2.9215999999999944,2.0,65.0,3.0,4.0,7.0,337.6618364944913,1.2128872459133124,113.43327319736817,64.63058589152372
3,35000,0,0.0,2.940971428571428,2.0,346.0,3.0,4.0,8.0,335.18804049071525,2.2543489973245068,112.60223235234967,64.15708587517598
4,35000,0,0.0,2.8275142857142908,2.0,1359.0,3.0,4.0,6.0,348.1166887140569,7.323967200204325,116.94545011487851,66.63170994917496
5,35000,0,0.0,2.968200000000011,2.0,235.0,3.0,4.0,8.0,331.23550844650543,2.2906446606824873,111.27442861874792,63.400546538588934
6,35000,0,0.0,2.9424571428571564,2.0,1387.0,3.0,4.0,7.0,334.739238133494,7.501402496914703,112.45146281047064,64.07118229898909
