"runNumber","sampleCount","errorCount","errorPct","meanResTime","minResTime","maxResTime","pct1ResTime","pct2ResTime","pct3ResTime","throughput","StdDev","receivedKBytesPerSec","sentKBytesPerSec"
1,35000,0,0.0,2.9217428571428496,2.0,176.0,3.0,4.0,8.0,337.3038818858178,1.726231515353264,113.31302282101693,64.56207114220732
2,35000,0,0.0,2.9323714285714435,2.0,200.0,3.0,4.0,7.0,335.81838941500433,1.8396141470555225,112.81399019410303,64.27773859896568
3,35000,0,0.0,2.8819428571428514,2.0,391.0,3.0,4.0,7.0,341.8836814034814,2.4001425467784148,114.85154922148202,65.4386733936351
4,35000,0,0.0,2.8513999999999946,2.0,329.0,3.0,4.0,7.0,344.75286144875,2.090293900925296,115.81541439293946,65.9878523866748
5,35000,0,0.0,2.8992571428571337,2.0,317.0,3.0,4.0,7.0,338.9600705036946,2.1992441387277717,113.86939868483492,64.87907599484781
6,35000,0,0.0,2.792399999999998,2.0,105.0,3.0,4.0,7.0,352.18708177784043,1.2398745983712534,118.31284778474325,67.41080862153976
