"runNumber","sampleCount","errorCount","errorPct","meanResTime","minResTime","maxResTime","pct1ResTime","pct2ResTime","pct3ResTime","throughput","receivedKBytesPerSec","sentKBytesPerSec"
1,35000,0,0.0,24.577514285714205,11.0,1031.0,35.0,39.0,49.0,40.48147509868805,37.70501404815619,8.274697016038182
2,35000,0,0.0,23.22008571428564,11.0,1019.0,35.0,38.0,48.0,42.84605534731013,39.87726006247261,8.75804932009431
3,35000,0,0.0,22.73497142857143,11.0,1063.0,35.0,38.0,49.0,43.758204663374386,40.747719543117455,8.944514010439457
4,35000,0,0.0,24.195285714285752,11.0,1054.0,35.0,39.0,49.0,41.13499683260524,38.30699449386031,8.408344560983808
5,35000,0,0.0,23.632371428571236,5.0,2024.0,36.0,40.0,54.0,42.107137400401584,37.03133698695461,8.607088939597913
6,35000,0,0.0,24.087828571428496,11.0,1495.0,36.0,42.0,59.0,41.30860954040041,38.45058394883162,8.443805971321794
