"runNumber","sampleCount","errorCount","errorPct","meanResTime","minResTime","maxResTime","pct1ResTime","pct2ResTime","pct3ResTime","throughput","StdDev","receivedKBytesPerSec","sentKBytesPerSec"
1,35000,0,0.0,4.427485714285674,3.0,1028.0,5.0,5.0,8.0,223.61073842654707,7.918763730283504,58.08638322408352,42.800492901956275
2,35000,0,0.0,4.171428571428573,3.0,1005.0,5.0,5.0,7.0,237.13379766389335,5.444286832032635,61.59920915878479,45.38889095910458
3,35000,0,0.0,4.144371428571406,3.0,1006.0,5.0,5.0,8.0,238.93720730192106,5.471451695469819,62.067672990538085,45.73407483513333
4,35000,0,0.0,4.1509142857142685,3.0,838.0,5.0,5.0,7.0,238.43586075345732,5.5363100694339265,61.93744039103481,45.63811397234144
5,35000,0,0.0,4.049685714285709,3.0,205.0,5.0,5.0,7.0,244.25989252564727,1.4784623517481423,63.4503236443576,46.752870053737176
6,35000,0,0.0,4.151685714285723,3.0,206.0,5.0,5.0,7.0,238.08552031889855,1.4595286006750197,61.84643398908888,45.57105662353918
