"runNumber","sampleCount","errorCount","errorPct","meanResTime","minResTime","maxResTime","pct1ResTime","pct2ResTime","pct3ResTime","throughput","StdDev","receivedKBytesPerSec","sentKBytesPerSec"
1,35000,0,0.0,19.002514285713975,2.0,266.0,46.0,53.0,64.0,52.44867896763017,16.821894538180814,52.10354939176391,10.578139037046002
2,35000,0,0.0,19.905457142857074,2.0,521.0,49.0,57.0,67.0,50.085933151020534,17.991758320371638,49.78075693305586,10.10170524490948
3,35000,0,0.0,19.440228571428577,2.0,322.0,48.0,55.0,65.0,51.26762874033972,17.201218262570944,50.97901802487432,10.340314519578374
4,35000,0,0.0,19.851800000000164,2.0,118.0,49.0,57.0,67.0,50.20987728705991,17.576503162756342,49.89188093059346,10.1267732716505
5,35000,0,0.0,19.728999999999903,2.0,2094.0,48.0,55.0,65.0,50.52327679538073,20.79392833940838,50.25684968197402,10.19017136187297
6,35000,0,0.0,19.755057142857083,2.0,350.0,49.0,56.0,66.0,50.450377729185256,17.5912872575952,50.13422531327883,10.175214781221937
