"runNumber","sampleCount","errorCount","errorPct","meanResTime","minResTime","maxResTime","pct1ResTime","pct2ResTime","pct3ResTime","throughput","receivedKBytesPerSec","sentKBytesPerSec"
1,35000,0,0.0,17.031571428571425,2.0,133.0,42.0,49.0,56.0,58.42837682630412,56.791193818507274,11.783955351225494
2,35000,0,0.0,17.46931428571447,2.0,120.0,43.0,49.0,57.0,56.96929843122829,55.386645541908244,11.489979481896786
3,35000,0,0.0,17.464542857142828,2.0,125.0,42.0,49.0,56.0,57.000008142858306,55.43369753963537,11.496063500553715
4,35000,0,0.0,17.53251428571446,2.0,123.0,43.0,49.0,57.0,56.77182430580224,55.152382672914804,11.450046927995484
5,35000,0,0.0,17.461228571428506,2.0,111.0,43.0,49.0,57.0,57.01551473606704,55.44000616276626,11.49935162669336
6,35000,0,0.0,17.494142857142755,2.0,114.0,42.0,49.0,56.0,56.89271496912351,55.3243190170605,11.474428807301123
