"runNumber","sampleCount","errorCount","errorPct","meanResTime","minResTime","maxResTime","pct1ResTime","pct2ResTime","pct3ResTime","throughput","StdDev","receivedKBytesPerSec","sentKBytesPerSec"
1,35000,0,0.0,4.530199999999994,3.0,820.0,5.0,9.0,15.0,218.3869317260055,4.886178621790606,49.904826195200485,41.37408667465339
2,35000,0,0.0,4.649599999999989,3.0,958.0,5.0,7.0,13.0,212.34900468987945,5.49002429025776,48.52506552483573,40.230182529137316
3,35000,0,0.0,4.4724571428571815,3.0,1711.0,5.0,7.0,13.0,220.95262144503013,9.392580155553931,50.49112638489947,41.86016460970298
4,35000,0,0.0,4.414657142857168,3.0,79.0,5.0,6.0,12.0,223.495079915455,1.9832081801277732,51.072117871305146,42.34184131210768
5,35000,0,0.0,4.388485714285737,3.0,72.0,5.0,7.0,13.0,224.90393389109508,2.166336293348704,51.39406301808227,42.60875310046137
6,35000,0,0.0,4.552857142857176,3.0,1915.0,5.0,7.0,13.0,216.86060200503115,10.403115521115035,49.55603600505595,41.08491873923442
