"runNumber","sampleCount","errorCount","errorPct","meanResTime","minResTime","maxResTime","pct1ResTime","pct2ResTime","pct3ResTime","throughput","StdDev","receivedKBytesPerSec","sentKBytesPerSec"
1,35000,1,0.0028571428,4.758028571428576,3.0,106.0,6.0,9.0,16.0,207.54638661740898,2.6766872309200243,47.42721005399171,39.320311527126314
2,35000,0,0.0,4.685942857142869,3.0,81.0,6.0,9.0,15.0,210.26830235380345,2.615288695458058,48.04959253006837,39.83598696937292
3,35000,0,0.0,4.820571428571439,3.0,1804.0,5.0,9.0,18.0,204.862858948995,10.028416422072635,46.81436425201643,38.81190882432132
4,35000,0,0.0,4.7050857142856986,3.0,71.0,6.0,9.0,16.0,210.14584121380238,2.83164723876879,48.02160824612281,39.81278632370866
5,35000,0,0.0,4.845000000000008,3.0,1821.0,6.0,9.0,18.0,203.7098473340201,13.991636165818694,46.55088308218819,38.593467170703036
6,35000,0,0.0,4.572342857142832,3.0,84.0,5.0,9.0,17.0,216.1294306533284,2.6349723282086432,49.3889519266395,40.94639604174385
