"runNumber","sampleCount","errorCount","errorPct","meanResTime","minResTime","maxResTime","pct1ResTime","pct2ResTime","pct3ResTime","throughput","StdDev","receivedKBytesPerSec","sentKBytesPerSec"
1,34995,575,1.6430919,30.92490355765111,4.0,6031.0,47.0,64.0,141.0,462.34030465973495,69.41133259574627,122.33435117781507,87.59181553123885
2,34995,0,0.0,31.655322188884064,4.0,318.0,56.0,72.0,114.0,466.0035155001598,22.95940224529941,123.78218380472994,88.2858222724912
3,34995,0,0.0,31.12401771681673,4.0,317.0,53.0,65.0,103.0,474.52134295167326,21.209626421325503,126.0447317215382,89.89955130139121
4,34995,0,0.0,29.426146592370298,3.0,256.0,51.0,64.0,98.0,502.38307157828245,20.10823564236581,133.4455033879813,95.1780428576043
5,34995,0,0.0,28.759022717531263,4.0,282.0,50.0,61.0,93.0,515.071678784846,18.380685465351156,136.8159146772247,97.58193914478527
6,34995,0,0.0,28.364223460494188,3.0,277.0,51.0,61.0,89.0,516.905215580272,18.041514495537623,137.30294788850978,97.92930842048125
