"runNumber","sampleCount","errorCount","errorPct","meanResTime","minResTime","maxResTime","pct1ResTime","pct2ResTime","pct3ResTime","throughput","receivedKBytesPerSec","sentKBytesPerSec"
1,34995,0,0.0,27.217488212601786,3.0,2048.0,35.0,40.0,51.0,529.3770610837141,140.61578185036154,100.29213852562552
2,34995,0,0.0,26.36208029718541,4.0,2041.0,35.0,39.0,50.0,547.9441330285285,145.5476603357029,103.80972832767044
3,34995,0,0.0,26.065723674810613,4.0,2050.0,35.0,39.0,49.0,554.1041231236937,147.18390770473115,104.97675770116854
4,34995,0,0.0,26.572853264752172,3.0,2047.0,36.0,40.0,50.9900000000016,538.5006001292586,143.03922190933432,102.02062150886344
5,34995,0,0.0,25.897556793827565,3.0,2039.0,35.0,39.0,50.0,557.0944171163858,147.97820454653996,105.54327824275276
6,34995,0,0.0,26.31747392484636,3.0,2059.0,35.0,39.0,50.0,543.8312949696187,144.45518772630498,103.03053830479105
