"startTime","resTime","throughput","errorPct"
"warm_0",9.0,1284.2042993868972,0.0
"cold_0",6.0,484.44288463419116,0.0
"warm_1",9.0,1281.3740925730594,0.0
"cold_1",7.0,467.58189360970863,0.0
"warm_2",9.0,1302.7721985877006,0.0
"cold_2",7.0,471.7908005791973,0.0
