"startTime","resTime","throughput","errorPct"
"warm_0",10,1023.0268940059765,0.0
"cold_0",8,795.6254272043745,0.0
"warm_1",10,1045.7890844443732,0.0
"cold_1",8.0,824.8299319727892,0.0
"warm_2",10,1041.223362362015,0.0
"cold_2",9.0,811.7724099062074,0.0
