"startTime","resTime","throughput","errorPct"
"warm_0",11.0,1033.2112748288355,0.0
"cold_0",9.0,431.77545496184064,0.0
"warm_1",10.0,1100.4357855970866,0.0
"cold_1",8.0,413.6475784116984,0.0
"warm_2",10.0,1064.8338087678765,0.0
"cold_2",9.0,396.0963726641892,0.0
