"startTime","resTime","throughput","errorPct"
"warm_0",9.0,1310.2206213417378,0.0
"cold_0",6.0,975.3645047762695,0.0
"warm_1",9,1304.6402807564828,0.0
"cold_1",7.0,960.0829439665612,0.0
"warm_2",9,1325.7601997030793,0.0
"cold_2",7,883.9611178614824,0.0
