"startTime","resTime","throughput","errorPct"
"warm_0",12.0,889.5750343592507,0.0
"cold_0",9.0,426.18783664116586,0.0
"warm_1",12.0,916.6920476536992,0.0
"cold_1",10.0,660.9631138721508,0.0
"warm_2",12.0,941.6838660504193,0.0
"cold_2",12.0,927.7942599889282,0.0
