"startTime","resTime","throughput","errorPct"
"warm_0",11,984.2719431760527,0.0
"cold_0",7,802.9230737318621,0.0
"warm_1",10.0,1055.4204492779972,0.0
"cold_1",8,823.0612612588475,0.0
"warm_2",11.0,958.498023715415,0.0
"cold_2",7,785.2439560556802,0.0
