"startTime","resTime","throughput","errorPct"
"warm_0",11.0,1005.002766859425,0.0
"cold_0",7.0,447.45983154073724,0.0
"warm_1",11.0,1038.8690647768049,0.0
"cold_1",8.0,423.365118001905,0.0
"warm_2",11.0,928.8719989922895,0.0
"cold_2",7.0,452.91629940474047,0.0
