"startTime","resTime","throughput","errorPct"
"warm_0",29.0,1423.1939815943717,0.0
"cold_0",3.0,133.35637976538604,0.0
"warm_1",26.0,1445.8595757506082,0.0
"cold_1",3.0,149.0588770667149,0.0
"warm_2",27.0,1447.9041352709928,0.0
"cold_2",3.0,135.4499595327491,0.0
