"startTime","resTime","throughput","errorPct"
"warm_0",4,1027.8840866962562,0.0
"cold_0",4.0,924.6629659000794,0.0
"warm_1",4,1000.0595818238658,0.0
"cold_1",4,885.1763959921741,0.0
"warm_2",4.0,1033.7066613549664,0.0
"cold_2",4.0,938.6572210594106,0.0
