"startTime","resTime","throughput","errorPct"
"warm_0",7.0,1186.808393092546,0.0
"cold_0",7.0,555.6255563291049,0.0
"warm_1",7.0,1158.443395244997,0.0
"cold_1",7.0,565.740189365177,0.0
"warm_2",7.0,1180.050045472613,0.0
"cold_2",7.0,848.7599466817467,0.0
