"startTime","resTime","throughput","errorPct"
"warm_0",12,1397.4304288229132,0.0
"cold_0",7.0,683.2224567447354,0.0
"warm_1",12.0,1347.2222222222222,0.0
"cold_1",5.0,889.6166681083218,0.0
"warm_2",12,1383.9036175641927,0.0
"cold_2",6.0,807.3676646965027,0.0
