"startTime","resTime","throughput","errorPct"
"warm_0",6.0,1203.7766409327637,0.0
"cold_0",6.0,573.0111283142387,0.0
"warm_1",6.0,1226.1064996760651,0.0
"cold_1",6.0,540.6312997811856,0.0
"warm_2",6.0,1219.539959895223,0.0
"cold_2",6.0,546.597892290396,0.0
