"startTime","resTime","throughput","errorPct"
"warm_0",12.0,1360.8171811004484,0.0
"cold_0",7.0,366.4231950572882,0.0
"warm_1",12.0,1348.9945831904702,0.0
"cold_1",6.0,384.7171632806232,0.0
"warm_2",12.0,1355.6979661160967,0.0
"cold_2",6.0,385.86084932203977,0.0
