"startTime","resTime","throughput","errorPct"
"warm_0",12.0,1339.807405812081,0.0
"cold_0",10.0,817.9533601867729,0.0
"warm_1",12.0,1319.9252090265138,0.0
"cold_1",13.0,1234.2416292655143,0.0
"warm_2",12.0,1318.686209854658,0.0
"cold_2",12.0,1340.860219847974,0.0
