"startTime","resTime","throughput","errorPct"
"warm_0",4.0,1033.2952634422645,0.0
"cold_0",4.0,538.9165099687868,0.0
"warm_1",4.0,982.8058229882923,0.0
"cold_1",4.0,548.2717792293495,0.0
"warm_2",4.0,1006.3700813201871,0.0
"cold_2",4.0,553.0040928372955,0.0
