"runNumber","sampleCount","errorCount","errorPct","meanResTime","minResTime","maxResTime","pct1ResTime","pct2ResTime","pct3ResTime","throughput","StdDev","receivedKBytesPerSec","sentKBytesPerSec"
1,35000,0,0.0,43.67619999999988,7.0,626.0,45.0,47.0,53.0,22.830231139782985,6.256325978479129,6.421002508063964,4.369848929099086
2,35000,0,0.0,43.778628571428726,14.0,1054.0,45.0,47.0,54.0,22.775411665565855,10.59897454936484,6.405584530940398,4.359356139112215
3,35000,0,0.0,43.55457142857115,41.0,420.0,45.0,47.0,52.0,22.90485975681583,4.134326206027519,6.441991806604453,4.38413331282803
4,35000,0,0.0,43.449628571428406,20.0,475.0,44.0,46.0,51.0,22.99997174289186,4.622221358678151,6.468742052688335,4.402338341412895
5,35000,0,0.0,43.27337142857129,42.0,369.0,44.0,46.0,50.0,23.100297531832208,3.0541667561639834,6.496958680827809,4.421541324452258
6,35000,0,0.0,43.19099999999981,41.0,444.0,44.0,46.0,50.0,23.12973002979109,3.7334400206565057,6.505236570878745,4.427174888514702
