"runNumber","sampleCount","errorCount","errorPct","meanResTime","minResTime","maxResTime","pct1ResTime","pct2ResTime","pct3ResTime","throughput","StdDev","receivedKBytesPerSec","sentKBytesPerSec"
1,35000,0,0.0,43.590599999999924,41.0,600.0,44.0,46.0,51.0,22.91873344530772,6.119183306395289,6.445893781492796,4.38678882351593
2,35000,0,0.0,43.3854285714283,28.0,486.0,44.0,46.0,51.0,22.969029217261422,4.220062211784154,6.460039467354775,4.396415748616445
3,35000,0,0.0,43.53751428571416,13.0,1658.0,44.0,46.0,52.0,22.949194417706813,9.281946991388034,6.454460929980041,4.3926192440141945
4,35000,0,0.0,43.4916285714288,38.0,613.0,44.0,46.0,50.0,22.983659931140956,4.921491551640828,6.464154355633394,4.399216158694949
5,35000,0,0.0,43.370828571428696,27.0,859.0,44.0,46.0,51.0,22.991677012921322,5.391885671749265,6.4664091598841225,4.400750678254472
6,35000,0,0.0,43.348685714285736,42.0,288.0,44.0,46.0,50.0,23.03634872556337,2.094312199993443,6.478973079064698,4.409301123252364
