"runNumber","sampleCount","errorCount","errorPct","meanResTime","minResTime","maxResTime","pct1ResTime","pct2ResTime","pct3ResTime","throughput","StdDev","receivedKBytesPerSec","sentKBytesPerSec"
1,35000,0,0.0,20.04245714285727,2.0,718.0,30.0,34.0,47.0,976.9168504200743,11.830931468733175,328.1830044379937,186.98799090071734
2,35000,0,0.0,20.461771428571407,2.0,1996.0,31.0,36.0,49.0,952.6920354945833,24.11502932957015,320.04498067396156,182.35120991888508
3,35000,0,0.0,19.572228571428486,2.0,1087.0,30.0,34.0,46.0,998.0609102315501,13.815926923051187,335.2860870309114,191.03509609900766
4,35000,0,0.0,19.67074285714289,2.0,89.0,30.0,35.0,47.0,993.9510976059978,8.46908220029779,333.90544685201485,190.24845227614802
5,35000,0,0.0,20.491371428571693,2.0,104.0,31.0,36.0,48.0,956.9639634713184,8.889384383836957,321.48008147864607,183.16888363318205
6,35000,0,0.0,19.383971428571325,2.0,2010.0,28.0,33.0,46.0,1000.6575749778426,22.41351070444121,336.158404094119,191.5321139606027
