"runNumber","sampleCount","errorCount","errorPct","meanResTime","minResTime","maxResTime","pct1ResTime","pct2ResTime","pct3ResTime","throughput","receivedKBytesPerSec","sentKBytesPerSec"
1,35000,0,0.0,10.505428571428613,2.0,73.0,15.0,18.0,26.0,932.8358208955224,313.3745335820895,178.55060634328356
2,35000,0,0.0,10.832485714285767,2.0,105.0,17.0,21.0,32.0,906.3835297164314,304.4882170141137,173.48747248478568
3,35000,0,0.0,10.364542857142842,2.0,96.0,15.0,17.0,25.0,945.7670170508283,317.71860729051264,181.0257181073851
4,35000,0,0.0,10.378314285714307,2.0,98.0,15.0,17.0,25.0,943.5488219118995,316.9734323610287,180.6011416940745
5,35000,0,0.0,11.074142857142899,2.0,1099.0,15.0,18.0,27.0,886.6595733900795,297.86220043572985,169.71218396919494
6,35000,0,0.0,10.373914285714314,2.0,85.0,16.0,18.0,28.0,944.7713653295903,317.3841305404092,180.83514414511689
