"resTime","throughput","errorPct"
319.0,60.41436603031033,0.214285715
