"resTime","throughput","errorPct"
319.0,61.30991394442604,0.214285715
