"runNumber","sampleCount","errorCount","errorPct","meanResTime","minResTime","maxResTime","pct1ResTime","pct2ResTime","pct3ResTime","throughput","StdDev","receivedKBytesPerSec","sentKBytesPerSec"
1,35000,1459,4.1685715,152.89242857142676,0.0,8004.0,217.0,255.0,457.0,64.2508352608584,161.75124141344506,55.93191354763282,13.132180532800051
2,35000,0,0.0,164.20894285714292,18.0,1093.0,214.0,231.0,268.0,60.61298780466685,53.8502359323113,56.40504105501668,12.389722583555004
3,35000,0,0.0,163.31817142857184,18.0,386.0,212.0,229.0,263.0,61.071899074324506,38.328810477119845,56.84314037157888,12.483709616206736
4,35000,0,0.0,163.80460000000022,22.0,1075.0,212.0,230.95000000000073,271.0,60.85305551885053,39.31364438608158,56.70503177887826,12.439176148514491
5,35000,0,0.0,163.78551428571416,18.0,1212.0,211.0,228.0,264.0,60.85168011488797,39.25787929532822,56.66043575344812,12.438611453220705
6,35000,0,0.0,164.02865714285835,16.0,1119.0,213.0,231.0,264.0,60.8201686630163,38.746190052010924,56.59018193321685,12.432156663088413
