"resTime","throughput","errorPct"
768.0,55.216525754167016,29.60143
