"resTime","throughput","errorPct"
76.0,59.75331732194349,6.607142435
