"resTime","throughput","errorPct"
70.0,59.75331732194349,6.607142435
