"runNumber","sampleCount","errorCount","errorPct","meanResTime","minResTime","maxResTime","pct1ResTime","pct2ResTime","pct3ResTime","throughput","receivedKBytesPerSec","sentKBytesPerSec"
1,35000,76,0.21714285,82.86740000000026,6.0,3137.0,129.0,157.0,226.0,60.04851920351644,55.783663601976116,12.274518815667346
2,35000,0,0.0,83.64431428571459,15.0,1093.0,116.0,128.0,156.0,59.58359578488619,55.445960604603265,12.179508749212646
3,35000,125,0.35714287,81.8197142857135,3.0,558.0,122.0,142.0,205.9900000000016,60.73963521510508,56.34602590599673,12.41596610457196
4,35000,15026,42.931427,53.40477142857093,0.0,2096.0,123.0,144.0,204.9900000000016,91.27299753562906,54.88627598428149,18.657247381605885
5,35000,11055,31.585714,57.60702857142834,0.0,1093.0,92.0,115.0,200.0,84.40405911177992,57.12882617918499,17.25274311308094
6,35000,4500,12.857142,68.82957142857181,0.0,1122.0,111.0,135.0,194.0,70.92888467368661,58.36784823105895,14.498608147297002
