"resTime","throughput","errorPct"
768.0,87.51187370006144,29.60143
