"resTime","throughput","errorPct"
836,58.51247616943215,29.60143
