"resTime","throughput","errorPct"
75.0,59.91350249696778,6.607142435
