"runNumber","sampleCount","errorCount","errorPct","meanResTime","minResTime","maxResTime","pct1ResTime","pct2ResTime","pct3ResTime","throughput","StdDev","receivedKBytesPerSec","sentKBytesPerSec"
1,35000,0,0.0,331.00380000000007,43.0,1390.0,407.0,434.0,491.0,60.27250058550429,61.57866523552552,56.052618323529,12.319954739657238
2,35000,0,0.0,332.52711428571706,22.0,1375.0,405.0,429.0,480.0,59.977003103381506,59.652322351655776,55.85093169722495,12.259960453199087
3,35000,150,0.42857143,319.966485714287,5.0,3732.0,425.90000000000146,480.0,708.0,62.09383975886301,119.70485476967308,57.537752777368745,12.692594161981539
4,35000,247,0.7057143,311.7828285714303,4.0,3949.0,441.0,540.0,856.9900000000016,63.48906899629224,182.584520810595,58.65604333457742,12.977612110358514
5,35000,13443,38.408573,204.39714285714336,0.0,3335.0,385.0,417.0,531.950000000008,90.77987695436107,212.32854670641456,57.65228618177892,18.556526400409286
6,35000,0,0.0,329.497657142855,31.0,1312.0,400.0,422.0,467.0,60.525988129989074,58.27796646350779,56.36431981110704,12.372025363847655
