"resTime","throughput","errorPct"
70.0,65.83425994439585,6.607142435
