"resTime","throughput","errorPct"
326,60.41436603031033,0.214285715
