"resTime","throughput","errorPct"
822.0,58.51247616943215,29.60143
