"resTime","throughput","errorPct"
768.0,58.51247616943215,29.60143
