"runNumber","sampleCount","errorCount","errorPct","meanResTime","minResTime","maxResTime","pct1ResTime","pct2ResTime","pct3ResTime","throughput","receivedKBytesPerSec","sentKBytesPerSec"
1,35000,15541,44.40286,490.19997142857085,0.0,8023.0,1002.0,1004.0,3495.970000000005,98.92454883339693,58.33690223516485,20.18162922549144
2,35000,0,0.0,850.8267714285705,115.0,2133.0,1004.0,1066.0,1255.0,58.639234674217164,54.65261587269841,11.986597466261497
3,35000,6181,17.66,641.3864571428534,0.0,8012.0,1005.0,1141.9500000000007,3249.9900000000016,76.09919856672595,56.77456723337015,15.544178574379357
4,35000,14540,41.54286,466.4125428571426,0.0,5061.0,1002.0,1008.0,1149.0,100.13761769746422,60.165664724235306,20.469070641545954
5,35000,19024,54.354286,410.95000000000095,0.0,2935.0,968.0,1004.0,1137.9900000000016,113.85779486729061,58.04848108110416,23.27326076627109
6,35000,0,0.0,854.1252857142894,45.0,1954.0,994.0,1041.0,1165.0,58.408583057839515,54.421225960696034,11.939447743718157
