"runNumber","sampleCount","errorCount","errorPct","meanResTime","minResTime","maxResTime","pct1ResTime","pct2ResTime","pct3ResTime","throughput","receivedKBytesPerSec","sentKBytesPerSec"
1,34995,0,0.0,10.642263180454401,2.0,152.0,17.0,21.0,35.0,1367.4729397053652,430.00613924328866,261.74286736548004
2,34995,0,0.0,10.082811830261408,1.0,182.0,16.0,20.0,34.0,1442.3195812554095,453.5418995744549,276.0689823496682
3,34995,0,0.0,9.642148878411174,1.0,140.0,15.0,19.0,30.0,1509.641516759415,474.7114925747379,288.95482156723176
4,34995,0,0.0,9.559708529789937,1.0,142.0,15.0,19.0,29.0,1519.4737527680084,477.8032699133776,290.8367729907516
5,34995,0,0.0,9.462351764537823,1.0,126.0,15.0,19.0,31.0,1532.9858069038023,482.05217756154724,293.42306460268094
6,34995,0,0.0,9.494813544792098,1.0,142.0,14.900000000001455,18.0,29.0,1526.4328709761844,479.99158638118297,292.1687917102853
