"runNumber","sampleCount","errorCount","errorPct","meanResTime","minResTime","maxResTime","pct1ResTime","pct2ResTime","pct3ResTime","throughput","StdDev","receivedKBytesPerSec","sentKBytesPerSec"
1,34995,0,0.0,10.987798256893871,1.0,80.0,15.0,17.0,23.0,1329.5467497435507,4.505937703910388,418.0801302904525,254.4835575681015
2,34995,0,0.0,10.688755536505274,1.0,97.0,15.0,17.0,23.0,1366.1383510306057,4.185713956889854,429.58647366392097,261.4874187519519
3,34995,0,0.0,10.583054722103212,1.0,78.0,15.0,18.0,23.0,1379.1676519271696,4.147427975446526,433.6835780474108,263.9813083766848
4,34995,0,0.0,10.831118731247328,1.0,670.0,15.0,17.0,23.0,1345.1854699211995,14.039357467033469,422.9977747213146,257.47690635210455
5,34995,0,0.0,11.020574367766727,1.0,97.0,16.0,19.0,29.0,1323.312535450936,4.807452120051379,416.1197621242201,253.2902899886557
6,34995,0,0.0,10.568081154450615,1.0,73.0,15.0,17.0,22.0,1380.5822944611016,4.096630116569308,434.12841681296356,264.2520797991952
