"runNumber","sampleCount","errorCount","errorPct","meanResTime","minResTime","maxResTime","pct1ResTime","pct2ResTime","pct3ResTime","throughput","StdDev","receivedKBytesPerSec","sentKBytesPerSec"
1,34995,0,0.0,19.717873981997432,2.0,409.0,39.0,48.0,74.0,745.2086882453152,16.132757416418666,213.9564007266823,141.18211476522572
2,34995,0,0.0,18.524189169881303,2.0,1006.0,37.0,45.0,69.0,789.4024497529946,16.94521181007225,226.64484397205115,149.55476098836027
3,34995,0,0.0,17.435433633376018,2.0,801.0,34.0,42.0,62.0,842.0963977187959,14.733998978698446,241.77377043879488,159.53779409906875
4,34995,0,0.0,16.80677239605668,2.0,1014.0,33.0,41.0,59.0,866.169991584575,15.69158532466379,248.6855249276026,164.09861168692143
5,34995,0,0.0,16.82614659237039,2.0,1020.0,33.0,40.0,59.0,870.0895077076082,15.345064447926337,249.81085475198907,164.84117626491795
6,34995,0,0.0,16.23163309044133,2.0,618.0,33.0,41.0,62.0,899.9382811294553,12.976498228067605,258.3807174336522,170.49611966710384
