"runNumber","sampleCount","errorCount","errorPct","meanResTime","minResTime","maxResTime","pct1ResTime","pct2ResTime","pct3ResTime","throughput","receivedKBytesPerSec","sentKBytesPerSec"
1,34995,0,0.0,17.074753536219262,2.0,199.0,32.0,39.0,58.0,861.1610109013953,247.24739961426778,163.1496446434284
2,34995,0,0.0,15.419288469781378,2.0,637.0,30.0,37.0,55.0,942.575484149002,270.62225814434237,178.5738710204164
3,34995,0,0.0,15.249092727532506,2.0,220.0,29.0,36.0,53.0,962.061855670103,276.2169780927835,182.265625
4,34995,0,0.0,15.065637948278283,2.0,1017.0,29.0,35.0,51.0,965.2195498676082,277.1235817002703,182.86386003351168
5,34995,0,0.0,14.962394627803954,2.0,503.0,30.0,36.0,54.0,970.869746150645,278.7458060237203,183.93430737619641
6,34995,0,0.0,14.850035719388465,2.0,1017.0,29.0,35.0,52.0,979.1824057752035,281.1324485331151,185.50916671913038
