"resTime","throughput","errorPct"
3.0,741.8603970791137,72.4957125
