"resTime","throughput","errorPct"
2.0,850.9386607818249,76.73142999999999
