"resTime","throughput","errorPct"
11.0,205.85570350151073,76.47285500000001
