"resTime","throughput","errorPct"
14.0,197.7064275962821,70.15857
