"resTime","throughput","errorPct"
13,197.7064275962821,70.15857
