"resTime","throughput","errorPct"
150,205.85570350151073,76.47285500000001
