"resTime","throughput","errorPct"
27,210.48521680193795,76.73142999999999
