"runNumber","sampleCount","errorCount","errorPct","meanResTime","minResTime","maxResTime","pct1ResTime","pct2ResTime","pct3ResTime","throughput","StdDev","receivedKBytesPerSec","sentKBytesPerSec"
1,35000,17560,50.17143,8.892685714285713,0.0,1009.0,9.0,13.0,23.0,526.4028636315782,27.678625602675595,103.23606160417512,99.72866752395133
2,35000,22551,64.43143,7.78462857142845,0.0,1004.0,2.0,2.0,6.0,591.2761428523161,29.244606719966885,110.44637455337534,112.01911300131769
3,35000,26588,75.96571,6.271057142857139,0.0,1013.0,2.0,3.0,7.0,759.169685269939,27.815711487621666,136.188390329805,143.82706927965643
4,35000,26560,75.88571,6.2843142857143,0.0,1007.0,2.0,2.0,5.0,710.3281716152862,29.979292160947807,127.50281673660015,134.57389188805226
5,35000,27349,78.14,5.651657142857097,0.0,1008.0,2.0,2.0,5.0,786.6405951497989,30.55547116812027,140.11697591475064,149.03151900298923
6,35000,18554,53.01143,8.559742857142838,0.0,1011.0,4.0,11.0,43.0,555.3175623145636,24.683907061052384,107.81428494930744,105.2066475478763
