"runNumber","sampleCount","errorCount","errorPct","meanResTime","minResTime","maxResTime","pct1ResTime","pct2ResTime","pct3ResTime","throughput","StdDev","receivedKBytesPerSec","sentKBytesPerSec"
1,35000,26336,75.24571,54.37265714285702,0.0,1897.0,20.0,26.0,42.0,833.7502084375521,93.7900032744276,149.44795686533743,157.95658245789562
2,35000,27195,77.7,47.693142857142234,0.0,1356.0,18.0,27.0,62.0,882.9465186680121,85.49107306411076,157.1420617589556,167.27697716952574
3,35000,18852,53.862858,75.82911428571447,0.0,6051.0,29.0,46.0,392.9900000000016,641.9073819348923,180.28745844188578,124.05080453347088,121.61135946813388
4,35000,23252,66.43429,51.79254285714234,0.0,6117.0,19.0,26.0,42.0,913.528045310991,125.33820171479984,169.62036486473258,173.07074295930883
5,35000,27380,78.22857,45.2996285714283,0.0,1047.0,13.0,17.0,29.0,581.5209264459103,90.15256787098907,103.515917058501,110.17095676807284
6,35000,27584,78.81143,52.65094285714318,0.0,2011.0,15.0,21.0,1004.0,589.6822455099909,125.4232689239889,104.73393418619638,111.717144168885
