"resTime","throughput","errorPct"
11.0,737.8287951862222,76.47285500000001
