"resTime","throughput","errorPct"
148,205.85570350151073,76.47285500000001
