"resTime","throughput","errorPct"
58.0,237.83241742998754,72.4957125
