"runNumber","sampleCount","errorCount","errorPct","meanResTime","minResTime","maxResTime","pct1ResTime","pct2ResTime","pct3ResTime","throughput","StdDev","receivedKBytesPerSec","sentKBytesPerSec"
1,35000,26803,76.58,10.700314285714391,0.0,1743.0,3.0,4.0,8.0,857.5068600548805,40.21148043592302,153.49138320450314,162.45735434633477
2,35000,17695,50.557144,16.906057142857136,0.0,1472.0,11.0,25.0,79.0,571.8580484935625,43.55662334260107,111.89390386555617,108.34029434350695
3,35000,26957,77.02,10.093457142857156,0.0,1009.0,2.0,3.0,6.0,927.570031537381,36.57732912325866,165.35819938780378,175.7310411311054
4,35000,26909,76.88286,10.212114285714163,0.0,1061.0,3.0,4.0,9.0,895.0033242980618,34.70800809585544,159.7679823748274,169.5611766736562
5,35000,26964,77.04,10.75717142857155,0.0,1610.0,3.0,4.0,8.0,844.3704615087694,40.77972752173672,150.93253932353863,159.96862259052858
6,35000,20618,58.908573,13.28742857142848,0.0,1008.0,3.0,5.0,11.0,730.0488089775145,30.523913893344485,139.06955197817155,138.31002826331817
