"resTime","throughput","errorPct"
28.0,210.48521680193795,76.73142999999999
