"resTime","throughput","errorPct"
3.0,237.83241742998754,72.4957125
