"runNumber","sampleCount","errorCount","errorPct","meanResTime","minResTime","maxResTime","pct1ResTime","pct2ResTime","pct3ResTime","throughput","receivedKBytesPerSec","sentKBytesPerSec"
1,35000,0,0.0,165.70662857142617,3.0,847.0,272.90000000000146,319.0,403.0,60.01052756112072,59.638813914426706,12.103366579880014
2,35000,0,0.0,159.72522857142778,4.0,787.0,258.0,304.0,380.0,62.05750780594794,61.66978170883769,12.516308449861079
3,35000,0,0.0,165.91914285714122,2.0,916.0,271.0,321.0,405.0,59.622572083689654,59.266826288358615,12.025245621041488
4,35000,0,0.0,165.54654285714244,3.0,1260.0,272.0,318.9500000000007,407.0,59.99221815227396,59.60055132312837,12.099498044575075
5,35000,0,0.0,170.07574285714213,3.0,898.0,276.0,326.0,418.0,58.24131206027809,57.906874651072144,11.746614502731518
6,35000,0,0.0,171.61280000000002,3.0,1206.0,280.0,330.0,417.0,57.975527701535356,57.62241888550744,11.693050859135205
