"runNumber","sampleCount","errorCount","errorPct","meanResTime","minResTime","maxResTime","pct1ResTime","pct2ResTime","pct3ResTime","throughput","receivedKBytesPerSec","sentKBytesPerSec"
1,35000,0,0.0,80.89757142857151,3.0,724.0,141.0,165.0,216.9900000000016,61.512288397727914,61.09455233718137,12.406082887039712
2,35000,0,0.0,85.9105428571422,3.0,593.0,152.0,177.0,230.0,58.027624465109646,57.67544017579884,11.703501557834477
3,35000,0,0.0,87.56302857142825,3.0,738.0,154.0,180.0,229.0,56.709733658685174,56.36829802342274,11.437541557601698
4,35000,0,0.0,84.34048571428495,3.0,736.0,149.0,174.0,223.0,59.10614619483075,58.72234214964832,11.921078056526586
5,35000,0,0.0,81.74905714285717,3.0,540.0,147.0,171.0,224.0,60.86818906702979,60.494793976397055,12.276351184125401
6,35000,0,0.0,83.17111428571512,3.0,1243.0,147.0,173.0,225.0,59.69090344740549,59.32755505846297,12.039029003809985
