"runNumber","sampleCount","errorCount","errorPct","meanResTime","minResTime","maxResTime","pct1ResTime","pct2ResTime","pct3ResTime","throughput","receivedKBytesPerSec","sentKBytesPerSec"
1,35000,0,0.0,58.49942857142842,50.0,1255.0,63.0,69.0,148.0,17.067143116284782,5.000139584849058,3.2500907301518875
2,35000,0,0.0,58.94805714285737,50.0,1454.0,63.0,69.0,138.0,16.93560405912558,4.961602751696947,3.225041788603016
3,35000,0,0.0,58.704028571428914,50.0,2531.0,62.0,68.0,146.0,17.002407540907793,4.98117408425033,3.2377631547627144
4,35000,0,0.0,58.31540000000015,50.0,1079.0,63.0,69.0,143.9900000000016,17.124460579491746,5.016931810397972,3.2610056767586824
5,35000,0,0.0,58.65237142857137,50.0,1511.0,63.0,70.0,148.0,17.017436551703348,4.985577114756841,3.240625124591946
6,35000,0,0.0,59.782428571428625,50.0,1367.0,66.0,73.0,162.0,16.70242576487566,4.8932887983034155,3.18063771889722
