"runNumber","sampleCount","errorCount","errorPct","meanResTime","minResTime","maxResTime","pct1ResTime","pct2ResTime","pct3ResTime","throughput","receivedKBytesPerSec","sentKBytesPerSec"
1,35000,0,0.0,58.583828571428626,51.0,1944.0,61.0,67.0,140.9900000000016,17.04129104820981,4.992565736780218,3.245167728907142
2,35000,0,0.0,57.82739999999986,50.0,1455.0,61.0,67.0,138.0,17.268558149402633,5.059147895332802,3.2884461319663214
3,35000,0,0.0,57.303057142857114,50.0,1540.0,60.0,65.0,124.9900000000016,17.419487130482906,5.103365370258665,3.317187490668132
4,35000,0,0.0,57.50260000000006,50.0,1492.0,60.0,66.0,133.0,17.361309181602767,5.086321049297685,3.3061086820434955
5,35000,0,0.0,58.06645714285726,51.0,1742.0,62.0,68.0,142.0,17.195130339087967,5.037635841529679,3.2744632969942913
6,35000,0,0.0,58.85982857142844,51.0,1892.0,62.0,68.0,159.9900000000016,16.964876888311977,4.9701787758726494,3.230616204317222
