"runNumber","sampleCount","errorCount","errorPct","meanResTime","minResTime","maxResTime","pct1ResTime","pct2ResTime","pct3ResTime","throughput","receivedKBytesPerSec","sentKBytesPerSec"
1,35000,0,0.0,52.166342857142716,4.0,573.0,85.0,114.0,152.0,380.23639840083433,95.05909960020858,72.03697391578307
2,35000,0,0.0,50.393171428571804,3.0,2009.0,54.0,63.0,87.0,391.8714661590998,97.96786653977496,74.24127386217322
3,35000,0,0.0,48.24588571428568,3.0,1314.0,53.0,61.0,84.9900000000016,411.4355574364038,102.85888935910096,77.9477520924437
4,35000,0,0.0,48.132857142857176,3.0,931.0,55.0,65.0,91.0,411.7501735232874,102.93754338082185,78.00735709327905
5,35000,41,0.117142856,86.5625714285712,1.0,41204.0,58.0,73.0,592.0,227.86606683637265,56.96139226573741,43.16993844360966
6,35000,0,0.0,52.73599999999988,4.0,1266.0,65.0,83.0,134.0,376.34813277562125,94.08703319390531,71.30032984225637
