"runNumber","sampleCount","errorCount","errorPct","meanResTime","minResTime","maxResTime","pct1ResTime","pct2ResTime","pct3ResTime","throughput","receivedKBytesPerSec","sentKBytesPerSec"
1,35000,0,0.0,12.3640285714285,3.0,1903.0,16.0,20.0,37.0,400.5997550618641,100.14993876546602,75.89487547070472
2,35000,0,0.0,12.108628571428616,3.0,950.0,17.0,23.0,45.0,408.5968783198496,102.1492195799624,77.40995546294026
3,35000,0,0.0,11.757857142857159,3.0,838.0,15.0,21.0,39.0,420.78940091611867,105.19735022902965,79.71986697043653
4,35000,0,0.0,12.093628571428598,3.0,1062.0,17.0,23.0,39.0,409.40939770028893,102.35234942507222,77.56388979868754
5,35000,0,0.0,12.060828571428567,3.0,1276.0,16.0,21.0,38.0,409.855262541571,102.46381563539276,77.64836028619608
6,35000,0,0.0,12.81571428571434,3.0,724.0,20.0,27.0,49.0,385.8620157431703,96.46550393579255,73.10276470134279
