"runNumber","sampleCount","errorCount","errorPct","meanResTime","minResTime","maxResTime","pct1ResTime","pct2ResTime","pct3ResTime","throughput","receivedKBytesPerSec","sentKBytesPerSec"
1,35000,0,0.0,124.31771428571432,4.0,906.0,160.0,207.0,327.0,399.1469659128491,99.78674147821228,75.61964002645774
2,35000,0,0.0,133.59594285714246,4.0,6812.0,150.0,186.0,326.0,364.7961310764612,91.19903276911532,69.1117670203452
3,35000,0,0.0,132.6412000000014,3.0,1260.0,152.0,193.0,326.0,374.1794778592658,93.54486946481644,70.88947139130622
4,35000,0,0.0,129.7419428571426,3.0,1023.0,159.0,210.0,324.9900000000016,382.5889245971885,95.64723114929713,72.48266735532673
5,35000,0,0.0,124.44282857142747,3.0,8165.0,133.0,153.0,226.0,383.5280194613075,95.88200486532688,72.66058181200553
6,35000,0,0.0,132.98717142856978,4.0,1466.0,160.0,240.0,317.0,373.63622776864446,93.4090569421611,70.78655096398147
