"runNumber","sampleCount","errorCount","errorPct","meanResTime","minResTime","maxResTime","pct1ResTime","pct2ResTime","pct3ResTime","throughput","receivedKBytesPerSec","sentKBytesPerSec"
1,34995,0,0.0,495.3983711958856,52.0,1158.0,561.0,592.0,736.0,30.23621312490982,8.858265563938424,5.757872616559975
2,34995,0,0.0,495.7953136162302,53.0,1198.0,561.0,590.0,723.9900000000016,30.2095895484057,8.850465688009482,5.752802697206164
3,34995,0,0.0,494.65215030718747,52.0,1357.0,562.0,590.0,773.0,30.27037032872264,8.868272557242962,5.764377162207925
4,34995,0,0.0,495.14499214173424,52.0,1057.0,560.0,586.0,708.0,30.23456736792086,8.857783408570564,5.757559215570867
5,34995,0,0.0,494.1222460351447,52.0,1122.0,562.0,589.0,729.9800000000032,30.2849616277983,8.872547351894033,5.767155778731122
6,34995,0,0.0,495.2672096013745,52.0,1175.0,558.0,586.0,736.9800000000032,30.230179558368995,8.856497917490918,5.756723646369096
