"runNumber","sampleCount","errorCount","errorPct","meanResTime","minResTime","maxResTime","pct1ResTime","pct2ResTime","pct3ResTime","throughput","receivedKBytesPerSec","sentKBytesPerSec"
1,34995,0,0.0,490.6344906415218,54.0,1764.0,556.0,579.0,640.9900000000016,30.509254779085797,8.93825823606029,5.809867853439189
2,34995,0,0.0,489.70364337762334,53.0,1580.0,556.0,578.0,628.0,30.580999669678015,8.959277246975981,5.823530210534388
3,34995,0,0.0,488.3810544363489,53.0,1343.0,554.0,579.0,649.0,30.666244872528495,8.984251427498583,5.839763427874079
4,34995,0,0.0,490.16805257893986,54.0,1961.0,555.0,576.0,624.0,30.545205070530226,8.948790548006901,5.816713856204486
5,34995,0,0.0,489.5867695385032,54.0,1439.0,557.0,580.0,649.0,30.585677040771287,8.960647570538464,5.8244209208500015
6,34995,0,0.0,490.265409344191,54.0,1467.0,557.0,578.0,628.0,30.53800823596862,8.94668210038143,5.815343365247929
