"runNumber","sampleCount","errorCount","errorPct","meanResTime","minResTime","maxResTime","pct1ResTime","pct2ResTime","pct3ResTime","throughput","receivedKBytesPerSec","sentKBytesPerSec"
1,34995,0,0.0,491.2116873839129,53.0,2133.0,557.0,578.0,624.9900000000016,30.47689216692924,8.928777002030051,5.8037050513195325
2,34995,0,0.0,492.49944277753843,57.0,1179.0,560.0,579.0,626.0,30.408355672185845,8.908697950835696,5.790653668043203
3,34995,0,0.0,489.5295899414195,52.0,1811.0,555.0,575.0,625.0,30.596614306922643,8.963851847731243,5.826503701025309
4,34995,0,0.0,488.13507643948833,67.0,1250.0,555.0,576.0,617.9900000000016,30.675868404512975,8.987070821634662,5.84159603406253
5,34995,0,0.0,492.96408058294077,52.0,2017.0,560.0,582.0,636.0,30.33736502278228,8.887899909018246,5.777134940861861
6,34995,0,0.0,489.45617945420605,59.0,1517.0,552.0,574.0,628.0,30.58974083291157,8.961838134642063,5.825194787517341
