"resTime","throughput","errorPct"
1562.0,37.41761272488871,19.7028575
