"resTime","throughput","errorPct"
1595,30.10285784447811,19.7028575
