"resTime","throughput","errorPct"
1593,30.10285784447811,19.7028575
