"runNumber","sampleCount","errorCount","errorPct","meanResTime","minResTime","maxResTime","pct1ResTime","pct2ResTime","pct3ResTime","throughput","StdDev","receivedKBytesPerSec","sentKBytesPerSec"
1,35000,0,0.0,178.60180000000102,52.0,2037.0,214.0,237.0,467.9700000000048,27.949043304247695,73.13656897384729,8.788664007781014,5.322327582351856
2,35000,0,0.0,167.84031428571362,53.0,879.0,209.0,225.0,316.0,29.74253165030261,43.40375902181748,9.352632022849061,5.663861007625985
3,35000,0,0.0,167.69374285714375,52.0,1512.0,208.0,224.0,279.0,29.75347966944734,46.617765910122465,9.356074661681683,5.665945835490461
4,35000,0,0.0,170.7070857142856,52.0,1265.0,213.0,233.0,394.9900000000016,29.225360933207526,52.195752821019944,9.190006074700023,5.565376349585418
5,35000,0,0.0,170.9877428571433,54.0,1317.0,210.0,227.0,321.9900000000016,29.167638921297378,53.97788683577562,9.17185520767359,5.554384364895497
6,35000,0,0.0,173.39277142857154,54.0,1605.0,211.0,230.0,436.9900000000016,28.79388187597899,62.03501497754651,9.054326136782455,5.483209927554593
