"runNumber","sampleCount","errorCount","errorPct","meanResTime","minResTime","maxResTime","pct1ResTime","pct2ResTime","pct3ResTime","throughput","receivedKBytesPerSec","sentKBytesPerSec"
1,35000,0,0.0,337.82777142857054,54.0,1233.0,397.0,434.0,659.9700000000048,29.557216014268533,9.294358941986784,5.628571408967153
2,35000,0,0.0,336.172199999999,52.0,1572.0,392.0,424.0,644.0,29.699979294871575,9.339251301707664,5.655757775878865
3,35000,0,0.0,334.60985714285755,55.0,2506.0,388.0,406.0,491.0,29.857570856281008,9.388806460666489,5.6857678876707
4,35000,0,0.0,333.526057142858,52.0,1902.0,392.0,421.0,608.9900000000016,29.920616330501417,9.408631307052204,5.697773617624782
5,35000,0,0.0,333.7377142857135,74.0,1268.0,389.0,415.0,609.9900000000016,29.910158429836322,9.405342787507125,5.695782122869222
6,35000,0,0.0,337.05414285713846,53.0,1578.0,391.0,424.0,648.9900000000016,29.609326091738154,9.310745118691099,5.638494714735293
