"runNumber","sampleCount","errorCount","errorPct","meanResTime","minResTime","maxResTime","pct1ResTime","pct2ResTime","pct3ResTime","throughput","StdDev","receivedKBytesPerSec","sentKBytesPerSec"
1,35000,0,0.0,5.344942857142896,4.0,207.0,6.0,6.0,9.0,185.6114039646596,2.1653188052389,44.771500761006756,35.8897050634791
2,35000,64,0.18285714,5.801999999999964,4.0,1014.0,7.0,10.0,19.0,171.01200015635382,6.5189796684010455,41.238055117167654,33.06677346773248
3,35000,0,0.0,6.433199999999996,4.0,207.0,9.0,11.0,17.0,154.2563740937438,2.6879149991186346,37.20832461050265,29.826916084532492
4,35000,0,0.0,6.4545142857143105,4.0,1105.0,9.0,11.0,17.0,153.66918098717082,7.132634178224515,37.06668721077265,29.71337679244123
5,35000,0,0.0,6.541514285714294,4.0,1009.0,9.0,11.0,16.0,151.7516475893167,5.882769723577681,36.60415718218869,29.34260373309053
6,35000,0,0.0,6.4554571428570995,4.0,1018.0,9.0,11.0,17.0,153.72925204130485,7.969681968052222,37.08117700605693,29.72499209392418
