"runNumber","sampleCount","errorCount","errorPct","meanResTime","minResTime","maxResTime","pct1ResTime","pct2ResTime","pct3ResTime","throughput","receivedKBytesPerSec","sentKBytesPerSec"
1,35000,0,0.0,5.304199999999998,4.0,576.0,6.0,6.0,9.0,186.94783621233003,45.09386283637257,36.148116767618504
2,35000,0,0.0,5.175228571428538,4.0,68.0,6.0,6.0,9.0,191.568784140294,46.20848601821545,37.04162037087717
3,35000,0,0.0,5.371771428571422,4.0,755.0,6.0,7.0,9.0,184.68487483642195,44.5480118013635,35.71055197032378
4,35000,0,0.0,5.3947142857142545,4.0,206.0,6.0,7.0,10.0,183.7337854934302,44.3185986492942,35.526649929393734
5,35000,0,0.0,5.669942857142873,4.0,648.0,6.0,7.0,10.0,174.67423255628253,42.13333539199393,33.77490043568744
6,35000,0,0.0,5.5010571428571335,4.0,1149.0,6.0,7.0,10.0,180.16348549426564,43.45740323933947,34.83629895299277
