"runNumber","sampleCount","errorCount","errorPct","meanResTime","minResTime","maxResTime","pct1ResTime","pct2ResTime","pct3ResTime","throughput","receivedKBytesPerSec","sentKBytesPerSec"
1,35000,0,0.0,5.018285714285688,3.0,607.0,6.0,6.0,9.0,197.5626414689629,52.47757664019328,37.428859809549614
2,35000,0,0.0,4.958599999999978,3.0,1006.0,6.0,6.0,9.0,199.79905923185825,53.07162510846235,37.852556143535644
3,35000,0,0.0,4.755571428571475,3.0,207.0,5.0,6.0,9.0,208.14624950193576,55.28884752395168,39.43395742517142
4,35000,41,0.117142856,5.473142857142861,3.0,1007.0,8.0,10.0,18.0,181.14535620940404,48.10347281525761,34.318553813109745
5,35000,0,0.0,6.881942857142888,4.0,1697.0,10.0,13.0,21.0,144.43114760863284,38.364523583543104,27.36293226179177
6,35000,0,0.0,6.7093999999999605,4.0,1010.0,10.0,13.0,21.0,148.0334809438615,39.32139337571321,28.045405569442508
