"runNumber","sampleCount","errorCount","errorPct","meanResTime","minResTime","maxResTime","pct1ResTime","pct2ResTime","pct3ResTime","throughput","StdDev","receivedKBytesPerSec","sentKBytesPerSec"
1,35000,0,0.0,5.021228571428557,3.0,148.0,6.0,6.0,9.0,197.13534186084496,1.4577022238264667,52.364075181786944,37.34790656348039
2,35000,0,0.0,4.985028571428632,3.0,1676.0,6.0,6.0,9.0,198.7281399046105,9.071560659845902,52.78716216216216,37.64966713036566
3,35000,0,0.0,4.934457142857171,3.0,65.0,6.0,6.0,9.0,200.89541958443345,1.190090764866792,53.362845827115144,38.060265038457125
4,35000,0,0.0,4.932571428571389,3.0,206.0,6.0,6.0,10.0,200.81934291910997,1.6161990742910735,53.34263796288859,38.045852076472
5,35000,0,0.0,4.840314285714317,3.0,344.0,6.0,6.0,9.0,204.77775762504606,2.4384799874834586,54.39409186915287,38.79578611255756
6,35000,0,0.0,4.899142857142884,3.0,207.0,5.0,6.0,9.0,202.22914295289215,2.1850057112424373,53.71711609686198,38.31294309849715
