"runNumber","sampleCount","errorCount","errorPct","meanResTime","minResTime","maxResTime","pct1ResTime","pct2ResTime","pct3ResTime","throughput","receivedKBytesPerSec","sentKBytesPerSec"
1,35000,32,0.09142857,5.599400000000006,3.0,1009.0,8.0,10.0,17.0,177.08517797060387,47.028131245414755,33.549340357712055
2,35000,0,0.0,5.7742285714285835,3.0,1009.0,7.0,9.0,15.0,171.70413905091763,45.608911935399995,32.52988571863088
3,35000,0,0.0,5.584828571428618,3.0,1172.0,7.0,9.0,14.0,177.55411595805666,47.1628120513588,33.638182124866205
4,35000,0,0.0,5.579800000000029,3.0,62.0,7.0,9.0,14.0,177.75430292380435,47.215986714135525,33.676108171111366
5,35000,0,0.0,5.681085714285705,3.0,222.0,8.0,10.0,16.0,174.62107227316721,46.38372232256005,33.08250783300239
6,35000,0,0.0,5.609342857142856,3.0,207.0,7.0,9.0,14.0,176.8069672048334,46.964350663783875,33.49663245872821
