"runNumber","sampleCount","errorCount","errorPct","meanResTime","minResTime","maxResTime","pct1ResTime","pct2ResTime","pct3ResTime","throughput","StdDev","receivedKBytesPerSec","sentKBytesPerSec"
1,35000,0,0.0,339.5855142857176,66.0,1111.0,396.0,430.9500000000007,663.0,29.407613042864536,69.97025692445469,8.615511633651721,5.600082561873618
2,35000,0,0.0,342.774514285715,52.0,1623.0,401.0,439.0,710.9800000000032,29.128508320766464,82.65966179572564,8.53374267209955,5.546932736864708
3,35000,0,0.0,343.5708857142871,63.0,1330.0,400.0,437.0,705.0,29.046245772733876,79.40862599103174,8.509642316230627,5.531267505549908
4,35000,0,0.0,350.79754285714245,53.0,1594.0,413.0,491.0,787.9800000000032,28.461809943417922,93.86742238492862,8.338420881860719,5.419973573209467
5,35000,0,0.0,343.9500000000001,57.0,1285.0,401.0,450.0,741.0,29.02524117902188,83.71130220365649,8.503488626666567,5.527267607333269
6,35000,0,0.0,340.09125714285625,54.0,1812.0,400.0,440.0,730.9900000000016,29.35212316486333,81.38994512273312,8.599254833456055,5.589515641746435
