"resTime","throughput","errorPct"
1572.0,29.97490040740027,17.927142
