"resTime","throughput","errorPct"
1572.0,36.43419244680941,17.927142
