"runNumber","sampleCount","errorCount","errorPct","meanResTime","minResTime","maxResTime","pct1ResTime","pct2ResTime","pct3ResTime","throughput","StdDev","receivedKBytesPerSec","sentKBytesPerSec"
1,35000,0,0.0,670.4538000000048,63.0,1444.0,748.0,792.0,1032.0,29.775171930349916,86.19834129140627,8.723194901469702,5.670076685955306
2,35000,0,0.0,667.8057142857199,61.0,1431.0,734.0,766.0,985.9900000000016,29.890719529400513,90.57710575908408,8.757046737129055,5.692080379133887
3,35000,0,0.0,665.8252000000036,76.0,1665.0,742.0,789.0,1073.0,29.98069243407246,88.64728001851812,8.783405986544667,5.709213891254033
4,35000,0,0.0,674.4341428571405,56.0,2165.0,775.0,868.0,1123.9900000000016,29.577398135440824,121.02869720440364,8.665253359992429,5.632414683995078
5,35000,0,0.0,668.3530857142832,54.0,1374.0,743.0,787.0,1025.9900000000016,29.876584099169772,87.35179823210727,8.752905497803644,5.689388573572368
6,35000,0,0.0,677.7099714285773,57.0,1584.0,779.0,892.9500000000007,1113.9900000000016,29.437986778138512,121.13463165526171,8.624410188907767,5.605866622790048
