"resTime","throughput","errorPct"
1603.0,29.97490040740027,17.927142
