"runNumber","sampleCount","errorCount","errorPct","meanResTime","minResTime","maxResTime","pct1ResTime","pct2ResTime","pct3ResTime","throughput","StdDev","receivedKBytesPerSec","sentKBytesPerSec"
1,35000,6231,17.802856,1370.4002857142852,53.0,4377.0,1761.0,1860.0,2082.9900000000016,36.140522612608706,539.3868669991203,10.826807145523428,6.882228427205759
2,35000,6475,18.5,1346.8417428571443,49.0,3006.0,1734.0,1818.9500000000007,2085.9900000000016,36.762195858476055,536.8789379741216,11.022555658620997,7.000613469143388
3,35000,6580,18.8,1343.5369714285719,53.0,3079.0,1724.0,1808.9500000000007,2107.9900000000016,36.88306487731112,539.7005984510549,11.062902420582857,7.023630518628582
4,35000,6318,18.051428,1348.3052857142877,53.0,2444.0,1728.0,1808.0,2045.9900000000016,36.72786228101012,530.0311633980002,11.006147489912955,6.994075336715794
5,35000,5865,16.757143,1378.3837714285705,53.0,3753.0,1807.9000000000015,1940.9500000000007,2259.0,35.87006427915519,537.6976790506573,10.731864848131272,6.830725131284435
6,35000,5751,16.431429,1380.9269142857272,77.0,2878.0,1784.0,1908.0,2146.0,35.84346850075988,528.6645395777161,10.719575311863778,6.825660505515798
