"runNumber","sampleCount","errorCount","errorPct","meanResTime","minResTime","maxResTime","pct1ResTime","pct2ResTime","pct3ResTime","throughput","StdDev","receivedKBytesPerSec","sentKBytesPerSec"
1,35000,0,0.0,21.554714285714088,8.0,138.0,36.0,44.0,61.0,46.22036284305413,11.466301805377292,43.08121095204704,9.448205626470799
2,35000,0,0.0,20.231399999999713,8.0,786.0,36.0,42.0,56.0,49.239461348429685,11.25268922069577,45.80365978011767,10.064771214118501
3,35000,0,0.0,21.095742857142806,9.0,227.0,37.0,43.0,58.0,47.224163660061585,10.867190807355819,43.99520883452788,9.653244930401703
4,35000,0,0.0,19.659942857142873,8.0,252.0,34.0,40.0,55.0,50.67088248408935,10.347987686688349,47.13951501360152,10.35733903715551
5,35000,0,0.0,19.96694285714287,8.0,323.0,35.0,41.0,54.0,49.89479326448802,10.626473242156363,46.45677193072179,10.198902252179689
6,35000,0,0.0,20.06311428571423,8.0,157.0,35.0,41.0,55.0,49.65926649006885,10.728100181534423,46.21127425190089,10.150730948931828
