"runNumber","sampleCount","errorCount","errorPct","meanResTime","minResTime","maxResTime","pct1ResTime","pct2ResTime","pct3ResTime","throughput","StdDev","receivedKBytesPerSec","sentKBytesPerSec"
1,35000,0,0.0,19.59174285714305,8.0,185.0,32.0,38.0,51.0,50.851471568942245,9.325973541625121,47.347910172509984,10.394482050066179
2,35000,0,0.0,18.524485714285788,8.0,146.0,31.0,36.0,49.0,53.765670772827754,9.196181793863369,50.08202925178925,10.990403679856923
3,35000,0,0.0,19.006800000000034,8.0,3418.0,31.0,37.0,50.0,52.4210277217372,20.35905335481947,48.7645220873192,10.715182772465779
4,35000,0,0.0,18.297171428571353,8.0,153.0,32.0,38.0,50.0,54.43590405594145,9.465808729325817,50.70382616603651,11.127198493622446
5,35000,0,0.0,18.523314285714303,8.0,201.0,32.0,37.0,48.0,53.76864427740319,9.146406995261316,50.06639707452488,10.990961994978008
6,35000,0,0.0,18.297085714285846,8.0,172.0,31.0,37.0,51.0,54.416522722007755,9.441725097997843,50.72467291054157,11.123484256911286
