"runNumber","sampleCount","errorCount","errorPct","meanResTime","minResTime","maxResTime","pct1ResTime","pct2ResTime","pct3ResTime","throughput","StdDev","receivedKBytesPerSec","sentKBytesPerSec"
1,35000,1,0.0028571428,18.58797142857137,8.0,4044.0,31.0,35.0,47.0,53.58671172033248,23.089804970447144,49.92343200496978,10.953787728872673
2,35000,0,0.0,17.476171428571384,8.0,1382.0,29.0,33.0,44.0,56.99443897116896,10.82373487190866,53.068822947793095,11.650269209670327
3,35000,0,0.0,17.949257142857192,8.0,124.0,30.0,34.0,46.0,55.487297372280125,8.255605949405888,51.71871284332765,11.342578945543181
4,35000,0,0.0,17.232800000000154,8.0,117.0,29.0,32.0,43.0,57.77675063554426,8.0304770080007,53.88130798309618,11.81043028977104
5,35000,0,0.0,17.439457142857304,8.0,803.0,29.0,33.0,45.0,57.08246622348928,9.194026383328396,53.16299997614768,11.668216727445902
6,35000,0,0.0,17.48065714285692,8.0,144.0,29.0,33.0,45.0,56.98219062333632,8.123143111487474,53.0595709627711,11.647830703266056
