"resTime","throughput","errorPct"
48,91.96040843168916,3.9628571299999997
