"resTime","throughput","errorPct"
106.0,112.6529155131561,0.27285715
