"resTime","throughput","errorPct"
216,96.25930957901542,0.27285715
