"resTime","throughput","errorPct"
106.0,96.25930957901542,0.27285715
