"runNumber","sampleCount","errorCount","errorPct","meanResTime","minResTime","maxResTime","pct1ResTime","pct2ResTime","pct3ResTime","throughput","StdDev","receivedKBytesPerSec","sentKBytesPerSec"
1,35000,0,0.0,812.674257142858,88.0,1848.0,961.0,1010.0,1090.0,61.41557639395811,118.71197962653649,59.714287815654124,12.446699367902113
2,35000,5595,15.985714,371.22299999999774,0.0,8012.0,693.9000000000015,1352.0,3149.9900000000016,133.86778452641403,530.4419065835918,112.7900702734154,27.12907224007657
3,35000,5,0.014285714,750.758599999998,5.0,1778.0,962.0,1006.0,1114.0,66.47231428110193,148.90886601847444,64.59625191107904,13.471360076965444
4,35000,7897,22.562857,289.417057142856,0.0,8019.0,587.9000000000015,862.0,3173.9900000000016,171.3049521814462,559.1978974900553,135.4684819536351,34.703448567523516
5,35000,0,0.0,801.3313999999989,10.0,2007.0,962.0,1000.0,1072.0,62.283232108251816,129.01888023107935,60.57564102514197,12.622680589119298
6,35000,43,0.122857146,606.9403142857108,4.0,8005.0,959.0,1281.0,2762.8400000000256,81.20838070488874,443.8418684274425,78.8417296696269,16.457492397590432
