"resTime","throughput","errorPct"
690.0,73.80732715404417,0.06857143
