"resTime","throughput","errorPct"
690.0,73.84034749299533,0.06857143
