"resTime","throughput","errorPct"
709,73.80732715404417,0.06857143
