"resTime","throughput","errorPct"
63.0,110.7558222824533,3.465714295
