"runNumber","sampleCount","errorCount","errorPct","meanResTime","minResTime","maxResTime","pct1ResTime","pct2ResTime","pct3ResTime","throughput","StdDev","receivedKBytesPerSec","sentKBytesPerSec"
1,35000,95,0.27142859,95.12011428571327,3.0,753.0,182.0,239.0,369.9900000000016,104.23025953334623,75.33518518303372,101.15367541952679,21.124062276649443
2,35000,18087,51.677143,52.570342857142506,0.0,1005.0,12.0,55.0,188.0,187.4062968515742,70.44104216725346,103.94741768345739,37.981007752262265
3,35000,2331,6.66,84.41057142857083,0.0,1157.0,197.0,241.0,359.0,116.51752423564504,78.72927108346802,107.00674880944058,23.613788023205295
4,35000,89,0.25428572,97.69985714285681,4.0,1043.0,201.0,244.0,353.0,101.64136280739253,78.79015781324358,98.54525459164856,20.598714023495127
5,35000,81,0.23142858,94.39162857142834,3.0,724.0,178.0,238.0,371.9900000000016,104.99412032926156,77.21014780715511,101.91745277889439,21.278546682635774
6,35000,3615,10.328571,74.6414285714284,0.0,1174.0,170.0,228.0,363.0,132.19669357184137,75.75558873071353,117.48337124939094,26.791932083004415
