"resTime","throughput","errorPct"
63.0,104.42830018479026,3.465714295
