"resTime","throughput","errorPct"
714.0,73.80732715404417,0.06857143
