"resTime","throughput","errorPct"
47.0,91.96040843168916,3.9628571299999997
