"runNumber","sampleCount","errorCount","errorPct","meanResTime","minResTime","maxResTime","pct1ResTime","pct2ResTime","pct3ResTime","throughput","receivedKBytesPerSec","sentKBytesPerSec"
1,35000,42,0.12,46.26742857142872,4.0,462.0,99.0,130.0,202.0,107.21528215998971,104.21253330853341,21.72935474014079
2,35000,55,0.15714286,44.21371428571441,4.0,437.0,92.0,121.0,188.0,111.57654469756382,108.34901880383569,22.612518469903026
3,35000,2785,7.957143,56.4322285714283,0.0,1084.0,122.0,140.0,178.0,88.10483972471013,79.97823761293152,17.855274211367284
4,35000,2719,7.7685714,44.66660000000015,0.0,1066.0,99.0,121.0,171.0,111.15804450768103,101.15698404008675,22.528171989085866
5,35000,28790,82.25714,17.16554285714295,0.0,2127.0,81.0,104.0,158.0,276.3150623287833,84.99089733069782,56.00081377252955
6,35000,0,0.0,79.23285714285727,5.0,1101.0,128.0,143.0,174.0,62.87387500673648,61.09532500460327,12.742390717346005
