"resTime","throughput","errorPct"
690.0,33.3059155512898,0.06857143
