"resTime","throughput","errorPct"
38.0,109.18666333383537,3.9628571299999997
