"resTime","throughput","errorPct"
218.0,96.25930957901542,0.27285715
