"runNumber","sampleCount","errorCount","errorPct","meanResTime","minResTime","maxResTime","pct1ResTime","pct2ResTime","pct3ResTime","throughput","receivedKBytesPerSec","sentKBytesPerSec"
1,35000,0,0.0,60.555342857142904,51.0,2300.0,61.0,68.0,199.9900000000016,16.495809357459947,5.187158801857522,3.141291821000673
2,35000,0,0.0,62.321571428571474,51.0,2167.0,61.0,69.0,279.0,16.02760044382715,5.039929045812835,3.0521309438928657
3,35000,0,0.0,60.47897142857167,51.0,2371.0,61.0,69.0,268.950000000008,16.51390517998741,5.192849089800729,3.144737802829634
4,35000,0,0.0,59.2726000000003,51.0,1774.0,61.0,68.0,149.9900000000016,16.849029327420446,5.298229925224008,3.208555389499011
5,35000,0,0.0,59.60122857142861,51.0,1641.0,61.0,68.0,225.9600000000064,16.75526210974601,5.268744530603725,3.190699327539523
6,35000,0,0.0,61.188057142857254,51.0,1670.0,61.0,69.0,322.9900000000016,16.32253325716151,5.132671590630865,3.1082949073696238
