"runNumber","sampleCount","errorCount","errorPct","meanResTime","minResTime","maxResTime","pct1ResTime","pct2ResTime","pct3ResTime","throughput","StdDev","receivedKBytesPerSec","sentKBytesPerSec"
1,35000,0,0.0,67.16737142857147,51.0,2442.0,62.0,74.0,426.9900000000016,14.867854509122916,69.41509345819976,4.675243312439042,2.8312808879677425
2,35000,0,0.0,66.16505714285773,51.0,1646.0,64.0,84.0,406.9800000000032,15.094417739304744,63.55437730766144,4.746486828179812,2.874425253090259
3,35000,0,0.0,67.85220000000045,50.0,2151.0,64.0,89.0,429.9900000000016,14.722726884582656,71.51732720291142,4.62960747737853,2.8036442797789234
4,35000,0,0.0,63.99594285714286,51.0,1811.0,61.0,69.0,368.9900000000016,15.605834085014342,59.39880509667144,4.907303296264275,2.971814107986129
5,35000,0,0.0,63.45574285714281,50.0,1595.0,61.0,71.0,401.0,15.73261388839194,57.13690627950302,4.947169601623246,2.995956746324637
6,35000,0,0.0,65.56448571428571,51.0,1686.0,63.0,83.0,473.0,15.230151522601764,62.98324388160773,4.789168740505633,2.900272995026703
