"runNumber","sampleCount","errorCount","errorPct","meanResTime","minResTime","maxResTime","pct1ResTime","pct2ResTime","pct3ResTime","throughput","StdDev","receivedKBytesPerSec","sentKBytesPerSec"
1,34995,0,0.0,85.7568509787115,3.0,708.0,206.0,261.0,390.0,170.69732503463212,81.00581243605185,169.7096922984996,34.42818190977845
2,34995,0,0.0,98.16739534219231,3.0,1122.0,238.0,307.0,448.0,150.0282950920877,99.43368842003517,149.1526393613669,30.25916937827966
3,34995,0,0.0,106.59234176310925,2.0,800.0,247.0,308.0,441.9900000000016,138.65446333055982,102.19118113650721,137.8210711844764,27.96518409009866
4,34995,0,0.0,107.39645663666194,2.0,906.0,250.0,314.0,459.9900000000016,137.4935663461954,103.52878258361122,136.6544978729653,27.73135385316929
5,34995,0,0.0,104.5024717816833,2.0,843.0,243.0,303.0,439.9900000000016,141.11968255632488,99.81638233666679,140.17619183148105,28.46157836311048
6,34995,0,0.0,105.3549649949997,3.0,788.0,242.0,307.0,452.0,140.69020415055198,100.94450291137208,139.80198212451455,28.375128272519678
