"runNumber","sampleCount","errorCount","errorPct","meanResTime","minResTime","maxResTime","pct1ResTime","pct2ResTime","pct3ResTime","throughput","StdDev","receivedKBytesPerSec","sentKBytesPerSec"
1,34995,0,0.0,53.275153593370426,2.0,438.0,124.0,160.0,235.0,276.5769112219333,51.92642092840656,268.7816380039359,55.78149327426914
2,34995,0,0.0,69.39859979997193,2.0,603.0,178.0,228.0,341.0,211.36075375973908,72.3517940589118,205.43395660634476,42.628300860285684
3,34995,0,0.0,72.16693813401918,2.0,692.0,175.0,226.0,339.9900000000016,204.20012137055363,76.14597747686189,198.6185814105388,41.18501451122094
4,34995,0,0.0,72.06300900128579,2.0,663.0,176.90000000000146,227.0,335.9900000000016,202.9742881834686,76.11304285392261,197.4708656295857,40.93791846771668
5,34995,0,0.0,72.25995142163133,2.0,669.0,178.0,228.0,333.9900000000016,203.45220515563412,75.92136543712212,197.92084151497622,41.034372074956686
6,34995,0,0.0,71.9211315902278,2.0,571.0,178.0,226.0,336.9900000000016,204.7628799625523,75.8505410378375,199.17868296714548,41.298756984874636
