"runNumber","sampleCount","errorCount","errorPct","meanResTime","minResTime","maxResTime","pct1ResTime","pct2ResTime","pct3ResTime","throughput","StdDev","receivedKBytesPerSec","sentKBytesPerSec"
1,34995,0,0.0,215.71761680240067,3.0,740.0,320.0,384.0,493.0,68.66975528489264,83.24474133730236,66.76578101606023,13.85008544473944
2,34995,0,0.0,214.47441063009074,2.0,699.0,316.0,389.9500000000007,499.0,68.97170179470301,83.26244285237196,67.09876977861354,13.911097032167085
3,34995,0,0.0,214.5460494356328,2.0,699.0,319.0,387.0,496.0,68.86989994725779,82.8172885265265,66.97039505728826,13.890498986975825
4,34995,0,0.0,211.25612230318575,2.0,648.0,315.0,388.0,490.9900000000016,70.2253955258025,82.43653733490528,68.2787923870815,14.163571996457124
5,34995,0,0.0,217.5278182597513,2.0,652.0,328.0,395.0,504.0,68.17849732604694,84.3878778621169,66.31002733922188,13.750854636069631
6,34995,0,0.0,215.72693241891707,2.0,679.0,318.0,387.0,498.9900000000016,68.7474584362237,82.9671914322282,66.82738642709175,13.865577152299343
