"runNumber","sampleCount","errorCount","errorPct","meanResTime","minResTime","maxResTime","pct1ResTime","pct2ResTime","pct3ResTime","throughput","StdDev","receivedKBytesPerSec","sentKBytesPerSec"
1,34995,0,0.0,254.23989141305782,8.0,1467.0,377.0,455.0,583.0,58.517914056673504,97.61995947119338,58.17377008862132,11.802567986629253
2,34995,0,0.0,232.03774824975073,3.0,1818.0,349.0,426.9500000000007,541.0,63.970971309490075,91.19687907552864,63.58099967781445,12.902046449560823
3,34995,0,0.0,235.93984854979257,3.0,1612.0,354.0,426.0,549.0,62.8119733136614,93.68401488118953,62.39316056843534,12.668291078954264
4,34995,0,0.0,239.89907129589926,3.0,1118.0,362.0,437.0,563.0,61.557053071520166,93.76437429873168,61.14996264272283,12.415191326317466
5,34995,0,0.0,242.99202743248986,3.0,1569.0,361.0,442.0,564.9900000000016,61.0880107250961,96.39093467295066,60.666743255792845,12.320537535108805
6,34995,0,0.0,245.53836262323034,4.0,1023.0,365.0,445.0,569.0,60.20375862757107,97.11773626103188,59.830305910509814,12.142326483030438
