"startTime","resTime","throughput","errorPct"
"warm_0",3,324.41601779755285,0.0
"cold_0",3.0,321.85302116092737,0.0
"warm_1",3.0,346.3982421759012,0.0
"cold_1",3.0,308.75197357419444,0.0
"warm_2",3.0,327.45499248239753,0.0
"cold_2",3,306.36383434623633,0.0
