"startTime","resTime","throughput","errorPct"
"warm_0",3.0,319.0767917401877,0.0
"cold_0",3.0,246.29231672747972,0.008571918
"warm_1",3.0,316.3756344121884,0.0
"cold_1",3.0,257.430989297985,0.0
"warm_2",3.0,320.71223094803133,0.0
"cold_2",3.0,257.7047518888222,0.0
