"startTime","resTime","throughput","errorPct"
"warm_0",3.0,323.3012218765778,0.0
"cold_0",3.0,259.5656547044565,0.0
"warm_1",3.0,343.1052532589985,0.0
"cold_1",3.0,254.70250577530678,0.0
"warm_2",3.0,323.83987193014156,0.0
"cold_2",3.0,247.83245086035902,0.0
