"startTime","resTime","throughput","errorPct"
"warm_0",3.0,311.4257824134999,0.0
"cold_0",3.0,296.08464281526307,0.017143836
"warm_1",3,312.6272912423625,0.0
"cold_1",3,285.7422831945125,0.068575346
"warm_2",3,316.62915365144147,0.0
"cold_2",3,306.48423550016923,0.0
