"startTime","resTime","throughput","errorPct"
"warm_0",3,318.78459531948135,0.0
"cold_0",3,304.57753281019006,0.008571918
"warm_1",3.0,321.50140550074406,0.0
"cold_1",3.0,306.8727175153393,0.0
"warm_2",3,321.9428255653331,0.0
"cold_2",3.0,309.530807429433,0.0
