"startTime","resTime","throughput","errorPct"
"warm_0",3.0,290.6048330981367,0.0
"cold_0",3.0,211.84074146151195,0.008571918
"warm_1",3.0,288.8553759125966,0.0
"cold_1",3.0,205.25490025015347,0.008571918
"warm_2",3.0,297.4086800076975,0.0
"cold_2",3.0,236.85054447042916,0.0
