"startTime","resTime","throughput","errorPct"
"warm_0",3.0,310.95924462602505,0.0
"cold_0",3.0,229.79299580627924,0.017143836
"warm_1",3.0,312.97774703291583,0.0
"cold_1",3.0,220.15675334843706,0.068575346
"warm_2",3.0,315.4474888932781,0.0
"cold_2",3.0,228.81938108664002,0.0
