"runNumber","sampleCount","errorCount","errorPct","meanResTime","minResTime","maxResTime","pct1ResTime","pct2ResTime","pct3ResTime","throughput","StdDev","receivedKBytesPerSec","sentKBytesPerSec"
1,34995,0,0.0,14.639834262037464,2.0,428.0,29.0,36.0,56.0,995.6753065695507,11.62667321072961,334.4846733007085,190.5784766480781
2,34995,0,0.0,13.723474782111783,2.0,1016.0,26.0,32.0,49.0,1053.7488708220415,19.965164456563667,353.99376129177955,201.69411980578138
3,34995,0,0.0,13.296213744820603,2.0,1007.0,26.0,33.0,47.0,1094.6541962526198,12.557649479425312,367.7353940536144,209.52365475147798
4,34995,0,0.0,13.535390770110078,2.0,1010.0,27.0,33.0,49.0,1073.6968060626516,12.881781775982882,360.69502078667193,205.51227928542937
5,34995,0,0.0,13.206400914416374,2.0,415.0,27.0,34.0,50.0,1099.5726764280778,10.506423172465832,369.3876959875573,210.46508259756175
6,34995,0,0.0,13.426060865838119,2.0,808.0,27.0,33.0,49.0,1083.7385029884488,12.372439297562474,364.0684033476821,207.4343228376328
