"runNumber","sampleCount","errorCount","errorPct","meanResTime","minResTime","maxResTime","pct1ResTime","pct2ResTime","pct3ResTime","throughput","StdDev","receivedKBytesPerSec","sentKBytesPerSec"
1,34995,0,0.0,15.599457065294992,2.0,1008.0,22.0,26.0,36.0,942.2201879324736,17.537228903164714,316.5270943835653,180.34683284645
2,34995,0,0.0,15.578996999571421,2.0,1857.0,22.0,26.0,37.0,941.3331181407359,23.02426487949127,316.22909437540346,180.17704214412524
3,34995,0,0.0,15.033433347621166,2.0,210.0,23.0,26.0,36.0,978.0877050783979,6.430278762882221,328.5763384247743,187.2120998001621
4,34995,0,0.0,15.485983711958879,2.0,992.0,23.0,26.0,37.0,949.1713905991484,21.26068805239882,318.8622640294014,181.67733648186822
5,34995,0,0.0,15.68341191598803,2.0,1008.0,23.0,27.0,37.0,934.2463559186289,18.784124437257024,313.8483851914144,178.82059156255005
6,34995,0,0.0,15.06623803400487,2.0,213.0,23.0,26.0,36.0,972.8129430406138,7.032908829367404,326.8043480527062,186.20247737886748
