"runNumber","sampleCount","errorCount","errorPct","meanResTime","minResTime","maxResTime","pct1ResTime","pct2ResTime","pct3ResTime","throughput","receivedKBytesPerSec","sentKBytesPerSec"
1,35000,0,0.0,65.35242857142795,50.0,2016.0,64.0,74.0,330.0,15.275717980567542,4.475308002119397,2.9089502013776083
2,35000,9,0.025714286,63.45288571428542,5.0,3056.0,72.0,85.0,278.9900000000016,15.727976115046102,4.6074421440781475,2.995073576595693
3,35000,0,0.0,63.46140000000018,50.0,1619.0,74.0,84.0,152.9900000000016,15.727559132252145,4.607683339526996,2.9949941706925474
4,35000,0,0.0,64.35248571428488,49.0,2176.0,76.0,88.0,182.9900000000016,15.510726110268854,4.544158040117828,2.953702726076588
5,35000,0,0.0,64.28348571428548,49.0,3992.0,77.0,89.0,167.9900000000016,15.525656591106992,4.548532204425877,2.95654593287682
6,35000,0,0.0,63.797714285714626,49.0,3942.0,76.0,86.0,168.9900000000016,15.644891361874382,4.583464266174135,2.979251773013188
