"runNumber","sampleCount","errorCount","errorPct","meanResTime","minResTime","maxResTime","pct1ResTime","pct2ResTime","pct3ResTime","throughput","StdDev","receivedKBytesPerSec","sentKBytesPerSec"
1,35000,0,0.0,64.16348571428694,49.0,1505.0,64.0,75.0,373.0,15.554739795868484,53.96515351132654,4.557052674570845,2.962084238471049
2,35000,6,0.017142856,60.8959999999999,4.0,1219.0,66.0,74.0,163.9900000000016,16.38907476180821,38.18989840570792,4.801234325605963,3.1209663853052745
3,35000,0,0.0,60.60134285714288,49.0,2063.0,67.0,77.0,170.9800000000032,16.4687979800784,36.015459240319885,4.824843158226093,3.136148052846961
4,35000,0,0.0,62.121371428571365,49.0,2845.0,69.0,80.0,217.0,16.066211151327643,42.0105623798597,4.7068977982405205,3.059483568856338
5,35000,0,0.0,62.095685714285814,49.0,1765.0,69.0,78.0,196.0,16.07165570656279,39.00708510779309,4.7084928827820685,3.060520373808344
6,35000,0,0.0,61.56517142857165,50.0,1340.0,68.0,77.0,177.9900000000016,16.209557154898526,35.07870003258689,4.748893697724179,3.086780903520716
