"runNumber","sampleCount","errorCount","errorPct","meanResTime","minResTime","maxResTime","pct1ResTime","pct2ResTime","pct3ResTime","throughput","StdDev","receivedKBytesPerSec","sentKBytesPerSec"
1,34995,0,0.0,13.465409344192105,1.0,93.0,19.0,21.0,28.0,1089.8134595621439,5.51098929161149,289.4817001961945,206.4685655811093
2,34995,0,0.0,13.177653950564356,1.0,88.0,19.0,22.0,28.0,1110.952380952381,5.1151805325510535,295.0967261904762,210.47340029761904
3,34995,0,0.0,13.175739391341725,2.0,90.0,19.0,22.0,29.0,1108.875439652714,5.262094478635619,294.5450386577521,210.07991727795556
4,34995,0,0.0,12.999342763251903,2.0,80.0,19.0,21.0,28.0,1128.4341545208308,5.030685359882305,299.7403222945956,213.78537693070425
5,34995,0,0.0,13.143277611087234,2.0,84.0,19.0,22.0,28.0,1115.9119897959185,5.0719789203004275,296.41412228954084,211.41301369180485
6,34995,0,0.0,13.116873839119892,1.0,255.0,19.0,21.0,27.0,1116.624122527122,6.8395209946783755,296.60328254626677,211.54792946314615
