"runNumber","sampleCount","errorCount","errorPct","meanResTime","minResTime","maxResTime","pct1ResTime","pct2ResTime","pct3ResTime","throughput","StdDev","receivedKBytesPerSec","sentKBytesPerSec"
1,35000,0,0.0,770.2252000000007,2.0,2568.0,948.0,1010.0,1565.9900000000016,63.846825991860435,195.19592929189395,62.05819207793144,12.876860878450236
2,35000,0,0.0,756.5893714285697,3.0,2259.0,964.0,1042.0,1599.9900000000016,64.96133872326841,207.22142878481594,63.13222209133286,13.10167612434157
3,35000,0,0.0,778.7102285714278,5.0,2295.0,972.0,1051.0,1616.0,63.03251216977718,197.4647696225773,61.322561818010726,12.713209231133918
4,35000,0,0.0,767.3575142857151,7.0,2288.0,964.0,1045.0,1587.0,64.14426962585563,189.75496819181583,62.373141462741344,12.937156441573734
5,35000,0,0.0,762.734085714289,2.0,2199.0,982.0,1066.0,1590.9900000000016,64.4548226939906,197.5471665211514,62.66715451869743,12.999793197852366
6,35000,0,0.0,713.9317999999946,3.0,2034.0,903.0,984.0,1516.9900000000016,68.760252644814,191.23837468477114,66.83216642989402,13.867949157932477
