"runNumber","sampleCount","errorCount","errorPct","meanResTime","minResTime","maxResTime","pct1ResTime","pct2ResTime","pct3ResTime","throughput","StdDev","receivedKBytesPerSec","sentKBytesPerSec"
1,35000,0,0.0,305.27605714286005,2.0,1142.0,446.0,537.0,699.0,64.80449409908792,109.990950114088,62.968680783592795,13.07001953450469
2,35000,0,0.0,309.4182857142848,3.0,1076.0,444.0,535.0,697.9900000000016,63.96350790497582,110.86381647034285,62.19882361114664,12.900779206879914
3,35000,0,0.0,313.71031428571683,2.0,1064.0,457.0,561.0,729.9900000000016,63.0266098346722,113.1890440983259,61.250124646375696,12.711723334904496
4,35000,0,0.0,287.72651428571817,4.0,979.0,420.0,513.0,662.9900000000016,68.69277646389213,105.53866733572728,66.79636900410195,13.854282687948343
5,35000,0,0.0,288.8796857142841,2.0,918.0,420.0,497.0,655.0,68.39089892997553,103.67322432858593,66.53681479036236,13.793869937485834
6,35000,0,0.0,300.32857142857125,2.0,1022.0,434.0,519.0,687.9900000000016,65.82486073340179,109.30953297893771,64.01761199982509,13.276204039554157
