"runNumber","sampleCount","errorCount","errorPct","meanResTime","minResTime","maxResTime","pct1ResTime","pct2ResTime","pct3ResTime","throughput","receivedKBytesPerSec","sentKBytesPerSec"
1,35000,0,0.0,43.26579999999992,41.0,81.0,44.0,46.0,53.0,23.098315670821286,6.000148406678186,4.421161983868137
2,35000,0,0.0,43.340371428571565,39.0,104.0,44.0,46.0,53.0,23.051900365734866,5.988091305942845,4.412277804378939
3,35000,0,0.0,43.29882857142874,33.0,101.0,44.0,46.0,53.0,23.068598101520287,5.992428803715231,4.415473855369117
4,35000,0,0.0,43.307571428571656,41.0,93.0,44.0,46.0,53.0,23.060481713696873,5.990320445159539,4.413920328012292
5,35000,0,0.0,43.18797142857143,41.0,78.0,44.0,46.0,53.0,23.09257019646499,5.998655929941101,4.420062264167127
6,35000,0,0.0,43.27422857142856,4.0,793.0,44.0,46.0,53.0,23.06127182255208,5.9905256882801305,4.414071559785359
