"runNumber","sampleCount","errorCount","errorPct","meanResTime","minResTime","maxResTime","pct1ResTime","pct2ResTime","pct3ResTime","throughput","StdDev","receivedKBytesPerSec","sentKBytesPerSec"
1,35000,0,0.0,42.76811428571451,2.0,80.0,43.0,44.0,50.0,23.375612023613375,1.5813422525200072,6.072180467071443,4.474238238894747
2,35000,0,0.0,42.81282857142843,41.0,81.0,43.0,45.0,51.0,23.332462254742488,1.7445906893521876,6.060971640392092,4.465979103446805
3,35000,0,0.0,42.747285714285766,41.0,77.0,44.0,45.0,51.0,23.285628841712946,1.8108484303133767,6.048805929585589,4.457014895484118
4,35000,0,0.0,42.71225714285685,33.0,74.0,43.0,45.0,52.0,23.3425302902677,1.8992987354088697,6.06358696993282,4.467906188371551
5,35000,0,0.0,42.63494285714278,41.0,80.0,44.0,45.0,51.0,23.359277704437062,1.8373586691816481,6.0679373724416585,4.4711117481149065
6,35000,0,0.0,42.63168571428555,41.0,78.0,43.0,44.0,51.0,23.400273716344557,1.6562419050377286,6.078586727097316,4.478958641019075
