"runNumber","sampleCount","errorCount","errorPct","meanResTime","minResTime","maxResTime","pct1ResTime","pct2ResTime","pct3ResTime","throughput","receivedKBytesPerSec","sentKBytesPerSec"
1,34995,0,0.0,41.10141448778389,4.0,1004.0,51.0,68.0,109.9900000000016,362.04220980757293,90.51055245189323,68.59002802995035
2,34995,0,0.0,36.37356765252164,3.0,2332.0,44.0,54.0,95.9900000000016,408.4431424269658,102.11078560674144,77.38082971760875
3,34995,0,0.0,38.87192456065136,3.0,936.0,50.0,66.0,109.0,382.85651769596853,95.71412942399212,72.53336370411903
4,34995,0,0.0,38.739248464066435,4.0,1019.0,46.0,60.0,104.0,383.4900387928201,95.87250969820501,72.65338625567098
5,34995,0,0.0,35.54973567652531,3.0,1027.0,44.0,59.0,101.0,417.6213661749964,104.4053415437491,79.11967288862236
6,34995,0,0.0,36.06535219317061,4.0,816.0,48.0,66.0,105.9900000000016,412.4920436596808,103.12301091492021,78.14790670896296
