"runNumber","sampleCount","errorCount","errorPct","meanResTime","minResTime","maxResTime","pct1ResTime","pct2ResTime","pct3ResTime","throughput","receivedKBytesPerSec","sentKBytesPerSec"
1,35000,0,0.0,2.666657142857141,1.0,76.0,3.0,4.0,7.0,367.77067921990584,115.64663936407194,70.3936065694351
2,35000,0,0.0,2.650714285714286,1.0,69.0,3.0,4.0,8.0,370.2175821618591,116.41607564074086,70.86195908566835
3,35000,0,0.0,2.7667142857142943,1.0,208.0,3.0,4.0,7.990000000001601,353.60321677897775,111.191636526202,67.68186571160122
4,35000,0,0.0,2.669399999999999,1.0,76.0,3.0,4.0,7.0,368.0413888830469,115.73176486361437,70.4454220908957
5,35000,0,0.0,2.763542857142854,1.0,145.0,3.0,4.0,8.0,353.5103578534851,111.16243674689667,67.66409193289363
6,35000,0,0.0,2.6080000000000014,1.0,73.0,3.0,4.0,8.0,376.10143993122716,118.26627310337416,71.98816623683645
