"runNumber","sampleCount","errorCount","errorPct","meanResTime","minResTime","maxResTime","pct1ResTime","pct2ResTime","pct3ResTime","throughput","StdDev","receivedKBytesPerSec","sentKBytesPerSec"
1,35000,0,0.0,2.604971428571432,1.0,90.0,3.0,4.0,7.0,375.46799403542275,1.2304220984218484,118.06708406192004,71.86692073334264
2,35000,0,0.0,2.5861999999999963,1.0,69.0,3.0,4.0,7.0,379.15718773697324,1.1828939553739701,119.22716255010292,72.57305546528004
3,35000,0,0.0,2.653142857142845,1.0,68.0,3.0,4.0,7.0,369.8459327514424,1.258919481868435,116.29920932223091,70.79082306570577
4,35000,0,0.0,2.523628571428559,1.0,69.0,3.0,3.0,6.0,389.10938420660597,1.0772135954868385,122.3566618305929,74.47796807079567
5,35000,0,0.0,2.5725428571428868,1.0,2031.0,3.0,3.0,6.0,381.57952117221225,10.888447838987174,119.98887286860581,73.03670522436876
6,35000,0,0.0,2.553999999999996,1.0,86.0,3.0,4.0,7.0,383.7256471258949,1.187763213312568,120.66372888138493,73.44748714519082
