"runNumber","sampleCount","errorCount","errorPct","meanResTime","minResTime","maxResTime","pct1ResTime","pct2ResTime","pct3ResTime","throughput","receivedKBytesPerSec","sentKBytesPerSec"
1,34995,0,0.0,496.9695670810109,54.0,2061.0,567.9000000000015,597.0,781.9900000000016,30.088395139428048,9.46138987782796,5.729723683777802
2,34995,0,0.0,495.8826689527092,54.0,2039.0,563.0,589.0,722.9900000000016,30.187543185137326,9.492567290638886,5.748604415138456
3,34995,0,0.0,495.9295613659112,55.0,2144.0,567.0,595.0,810.0,30.16625706530031,9.485873803737013,5.744550905989806
4,34995,0,0.0,496.5503357622512,58.0,2184.0,566.0,594.0,747.9900000000016,30.137134944091933,9.476716261716408,5.739005189548757
5,34995,0,0.0,490.5106158022599,53.0,2405.0,559.0,589.0,792.0,30.464714208857618,9.579724585207181,5.801386006569566
6,34995,0,0.0,491.69644234890774,54.0,2046.0,561.0,588.0,741.9900000000016,30.41670759022667,9.564628753957995,5.792244121185743
