"runNumber","sampleCount","errorCount","errorPct","meanResTime","minResTime","maxResTime","pct1ResTime","pct2ResTime","pct3ResTime","throughput","receivedKBytesPerSec","sentKBytesPerSec"
1,34995,0,0.0,490.017145306472,61.0,2124.0,558.0,582.0,660.0,30.53923412365619,9.603157605290326,5.815576810657185
2,34995,0,0.0,492.2270038576938,68.0,1540.0,559.0,579.0,630.0,30.399242516374503,9.559136806906826,5.78891825262991
3,34995,0,0.0,491.1849121303044,53.0,1698.0,556.9000000000015,580.0,644.0,30.488282985630125,9.587135860715723,5.805874201365112
4,34995,0,0.0,491.0983854836417,53.0,1479.0,557.0,578.0,628.0,30.477635363985442,9.583787682815734,5.803846578102696
5,34995,0,0.0,493.43160451493225,53.0,2305.0,560.0,582.0,641.0,30.322434182251737,9.534984186215878,5.774291665565516
6,34995,0,0.0,492.2172881840301,53.0,1866.0,559.0,582.0,643.0,30.398054246563444,9.558763151751396,5.788691970781125
