"runNumber","sampleCount","errorCount","errorPct","meanResTime","minResTime","maxResTime","pct1ResTime","pct2ResTime","pct3ResTime","throughput","StdDev","receivedKBytesPerSec","sentKBytesPerSec"
1,35000,27,0.07714286,6.023399999999997,3.0,207.0,10.0,14.0,23.0,164.75705395558148,3.9175618609061793,51.79422086683393,31.53552985868552
2,35000,0,0.0,6.289400000000062,3.0,69.0,10.0,13.0,21.0,157.97360486739245,3.2886926751240546,49.67529371806676,30.237135306649332
3,35000,0,0.0,6.229171428571449,3.0,206.0,10.0,13.0,21.0,159.4227983711545,3.5606961379098534,50.13099714405444,30.51452000072879
4,35000,0,0.0,6.1304000000000345,3.0,1008.0,9.0,12.0,20.0,161.9448184598585,8.161147431103743,50.9240542422602,30.997250408332295
5,35000,0,0.0,5.853485714285758,3.0,206.0,9.0,12.0,19.0,169.52846867356084,3.48278543917805,53.308756750865804,32.44880845704875
6,35000,0,0.0,5.923542857142884,3.0,64.0,9.0,12.0,20.0,167.4448867115738,3.2828131557636877,52.65356789172535,32.04999784713717
