"runNumber","sampleCount","errorCount","errorPct","meanResTime","minResTime","maxResTime","pct1ResTime","pct2ResTime","pct3ResTime","throughput","StdDev","receivedKBytesPerSec","sentKBytesPerSec"
1,35000,0,0.0,4.646400000000051,3.0,68.0,5.0,6.0,8.0,213.10018143958305,1.06520261059443,67.0100179917439,40.7887066036702
2,35000,0,0.0,4.52982857142857,3.0,70.0,5.0,6.0,9.0,218.45781267554645,1.1688116687124759,68.6947418764902,41.814190707428814
3,35000,0,0.0,4.612228571428556,3.0,206.0,5.0,6.0,9.0,214.61464407694243,1.5424983952084987,67.48624550075728,41.07858421785226
4,35000,0,0.0,4.70179999999999,3.0,1008.0,5.0,6.0,9.0,210.59091811623415,8.458652772510906,66.22097229826893,40.30841792068544
5,35000,0,0.0,4.577742857142825,3.0,205.0,5.0,6.0,8.0,216.24426952685755,1.5596235270205465,67.99868631606262,41.39050471412507
6,35000,0,0.0,4.564485714285736,3.0,210.0,5.0,6.0,8.0,216.91167356652372,2.1716825073646073,68.20855360197328,41.51825001859243
