"runNumber","sampleCount","errorCount","errorPct","meanResTime","minResTime","maxResTime","pct1ResTime","pct2ResTime","pct3ResTime","throughput","StdDev","receivedKBytesPerSec","sentKBytesPerSec"
1,35000,11,0.03142857,4.851114285714269,3.0,803.0,6.0,7.0,13.0,204.1411490230388,5.5589825863326885,64.18567958953048,39.07389180519102
2,35000,0,0.0,5.5616857142857405,3.0,936.0,7.0,9.0,15.0,178.388489355304,5.471862471699497,56.09481794180458,34.14467179066366
3,35000,0,0.0,5.105971428571402,3.0,71.0,7.0,8.0,13.0,194.10153173837332,1.939364499049615,61.03583322241817,37.152246309298015
4,35000,0,0.0,5.2719142857143035,3.0,207.0,7.0,9.0,15.0,188.02546401998444,2.225001716695944,59.12519474065916,35.98924897257514
5,35000,0,0.0,5.222571428571431,3.0,60.0,7.0,9.0,14.0,189.77081108044655,1.9678127150890166,59.67402457803105,36.32331930836673
6,35000,0,0.0,5.034342857142866,3.0,837.0,6.0,8.0,14.0,196.90244327803188,4.848965227903182,61.91658860891237,37.688358283685794
