"runNumber","sampleCount","errorCount","errorPct","meanResTime","minResTime","maxResTime","pct1ResTime","pct2ResTime","pct3ResTime","throughput","receivedKBytesPerSec","sentKBytesPerSec"
1,35000,0,0.0,5.071657142857196,3.0,1465.0,6.0,8.0,18.0,195.03822749258853,48.75955687314714,36.95060169293181
2,35000,0,0.0,4.6558571428571325,3.0,856.0,5.0,7.0,14.0,212.10835706926852,53.02708926731714,40.18459108538877
3,35000,0,0.0,4.474457142857106,3.0,744.0,5.0,6.0,13.0,220.63644157547026,55.159110393867564,41.80026334535277
4,35000,0,0.0,4.591285714285727,3.0,1008.0,5.0,6.0,15.0,215.26274355441842,53.8156858886046,40.78219946245817
5,35000,0,0.0,4.4951714285714175,3.0,70.0,5.0,6.0,13.0,219.80782515857564,54.95195628964392,41.64327937574578
6,35000,0,0.0,4.6201714285714495,3.0,853.0,5.0,7.0,14.0,214.03193356448782,53.50798339112196,40.54901866358461
