"runNumber","sampleCount","errorCount","errorPct","meanResTime","minResTime","maxResTime","pct1ResTime","pct2ResTime","pct3ResTime","throughput","receivedKBytesPerSec","sentKBytesPerSec"
1,35000,0,0.0,4.751399999999989,3.0,694.0,5.0,6.0,14.0,208.02253775609063,52.00563443902265,39.410519848321854
2,35000,0,0.0,4.627000000000007,3.0,922.0,5.0,7.0,14.0,213.74567928376877,53.43641982094219,40.49478689555775
3,35000,0,0.0,4.483885714285767,3.0,1367.0,5.0,6.0,13.0,220.14517001496986,55.03629250374247,41.70719041299234
4,35000,0,0.0,4.577285714285686,3.0,73.0,5.0,6.0,15.0,215.38726630481605,53.84681657620402,40.80579068665461
5,35000,0,0.0,4.468571428571479,3.0,940.0,5.0,6.0,13.0,221.06287028030772,55.26571757007693,41.881051596073924
6,35000,0,0.0,4.581057142857155,3.0,2161.0,5.0,6.0,13.0,215.8242327448526,53.95605818621314,40.88857534423965
