"runNumber","sampleCount","errorCount","errorPct","meanResTime","minResTime","maxResTime","pct1ResTime","pct2ResTime","pct3ResTime","throughput","receivedKBytesPerSec","sentKBytesPerSec"
1,34995,15,0.042863265,18.31218745535083,3.0,1398.0,28.0,34.0,58.0,804.445772608156,183.8062043124454,152.40476551365452
2,34995,0,0.0,17.791570224317663,3.0,179.0,29.0,35.0,54.0,823.1406125041163,188.10049152926095,155.94656135331888
3,34995,0,0.0,17.656922417488456,3.0,178.0,28.0,34.0,56.9900000000016,832.6393680553903,190.27110559078253,157.74613027611886
4,34995,0,0.0,19.27092441777414,3.0,205.0,35.0,43.0,73.0,755.8641841980215,172.726776467126,143.2008317718908
5,34995,0,0.0,21.81243034719235,3.0,291.0,36.0,44.0,66.0,673.3433387208497,153.86947388738167,127.56699971859847
6,34995,0,0.0,21.19294184883541,3.0,241.0,37.0,45.0,72.9900000000016,695.2695050960602,158.8799455004669,131.72098045765205
