"runNumber","sampleCount","errorCount","errorPct","meanResTime","minResTime","maxResTime","pct1ResTime","pct2ResTime","pct3ResTime","throughput","receivedKBytesPerSec","sentKBytesPerSec"
1,34995,15,0.042863265,33.860008572653335,3.0,185.0,36.0,48.0,114.0,438.9739086803813,100.30026969392875,83.16497879296287
2,34995,0,0.0,33.59959994284893,4.0,213.0,36.0,45.0,100.9900000000016,442.53774754040313,101.12678996528743,83.84015920199043
3,34995,0,0.0,34.39022717531061,4.0,233.0,37.0,48.0,118.9900000000016,431.9303875586275,98.702842469452,81.8305617054431
4,34995,0,0.0,33.82480354336326,3.0,212.0,36.0,41.0,104.0,439.0069498456984,100.31994752333343,83.17123854498583
5,34995,0,0.0,34.61383054722094,4.0,189.0,38.0,47.0,109.0,429.5920747351493,98.16850145314936,81.38756103380759
6,34995,0,0.0,33.38805543649115,3.0,194.0,36.0,42.95000000000073,96.0,445.7848207688976,101.86879693351763,84.45532737223256
