"runNumber","sampleCount","errorCount","errorPct","meanResTime","minResTime","maxResTime","pct1ResTime","pct2ResTime","pct3ResTime","throughput","StdDev","receivedKBytesPerSec","sentKBytesPerSec"
1,34995,0,0.0,23.969881411630432,3.0,258.0,48.0,59.0,88.0,610.8715764484089,18.685972774462993,152.71789411210221,115.73152913182747
2,34995,0,0.0,24.982911844549086,3.0,1330.0,44.0,55.0,85.0,591.4214733568809,47.404716770837354,147.85536833922023,112.04664631956533
3,34995,0,0.0,23.34296328046872,3.0,1039.0,45.0,55.0,85.0,627.2292223038733,21.32298677369936,156.80730557596831,118.83053625678849
4,34995,0,0.0,24.260780111444575,3.0,1266.0,46.0,56.0,81.0,605.3346248983758,30.733556081502204,151.33365622459394,114.68253635770009
5,34995,0,0.0,24.846435205029387,3.0,998.0,49.0,61.0,89.0,592.6333615580018,23.687655237549816,148.15834038950044,112.2762423264183
6,34995,0,0.0,24.390855836548113,3.0,1041.0,47.0,57.0,87.0,606.3415056744346,22.061148810644323,151.58537641860866,114.87329306722688
