"startTime","resTime","throughput","errorPct"
"warm_0",12.0,893.5984527731835,0.0
"cold_0",10.0,349.60977372189694,0.0
"warm_1",12.0,873.8681771425283,0.0
"cold_1",10.0,392.58436439733225,0.0
"warm_2",12.0,868.7654652104605,0.0
"cold_2",13.0,897.5971521126246,0.0
