"startTime","resTime","throughput","errorPct"
"warm_0",7.0,1588.1290143915098,0.0
"cold_0",8.0,440.94197935011266,0.0
"warm_1",7.0,1676.2785445647228,0.0
"cold_1",8.0,437.7917325976226,0.0
"warm_2",7.0,1616.094538237886,0.0
"cold_2",8.0,447.2497216413683,0.0
