"startTime","resTime","throughput","errorPct"
"warm_0",11,1045.6342076895437,0.0
"cold_0",12.0,1049.215792320173,0.0
"warm_1",11.0,1132.9569787813898,0.0
"cold_1",11,1136.9408087517093,0.0
"warm_2",10,1126.4042687090769,0.0
"cold_2",13.0,911.4099704596947,0.0
