"startTime","resTime","throughput","errorPct"
"warm_0",10.0,1129.0472381373288,0.0
"cold_0",13.0,549.3095225904215,0.0
"warm_1",11.0,1120.4769897233577,0.0
"cold_1",11.0,425.50822068857497,0.0
"warm_2",10.0,1171.7879628842593,0.0
"cold_2",12.0,493.58693918536426,0.0
