"startTime","resTime","throughput","errorPct"
"warm_0",7.0,1625.8619478969172,0.0
"cold_0",8,1493.1347889159108,0.0
"warm_1",6.0,1712.2683142100618,0.0
"cold_1",8,1492.3076923076924,0.0
"warm_2",7,1635.6149458184473,0.0
"cold_2",8.0,1544.8108106356303,0.0
