"startTime","resTime","throughput","errorPct"
"warm_0",10.0,1261.1088816541485,0.0
"cold_0",8.0,497.9915383218579,0.0
"warm_1",9.0,1260.1495320793565,0.0
"cold_1",8.0,841.6432144154501,0.0
"warm_2",9.0,1258.0086051800397,0.0
"cold_2",9.0,814.1327869715348,0.0
