"startTime","resTime","throughput","errorPct"
"warm_0",10.0,1240.6735181219506,0.0
"cold_0",12.0,1075.2964009559873,0.0
"warm_1",11.0,1136.3021510527155,0.0
"cold_1",11.0,1091.3183608737913,0.0
"warm_2",10.0,1194.593655011694,0.0
"cold_2",11.0,1066.9171501182786,0.0
