"startTime","resTime","throughput","errorPct"
"warm_0",11.0,1047.14403614314,0.0
"cold_0",13.0,474.3950219477276,0.0
"warm_1",11.0,1081.463986479396,0.0
"cold_1",12.0,434.8934845206062,0.0
"warm_2",11.0,1105.9008640040497,0.0
"cold_2",13.0,476.87967940421845,0.0
