"runNumber","sampleCount","errorCount","errorPct","meanResTime","minResTime","maxResTime","pct1ResTime","pct2ResTime","pct3ResTime","throughput","receivedKBytesPerSec","sentKBytesPerSec"
1,35000,6,0.017142856,5.727514285714321,1.0,7386.0,6.0,7.0,14.0,854.3044741145744,268.61954694403084,163.51921574849277
2,35000,0,0.0,4.3060857142856825,1.0,71.0,6.0,7.0,13.0,1129.6882060551288,355.23398666967915,216.2293831902395
3,35000,0,0.0,4.129028571428595,1.0,67.0,5.0,6.0,8.0,1172.0973845484077,368.5696853755735,224.34676501121865
4,35000,0,0.0,4.222485714285757,1.0,103.0,6.0,6.0,10.0,1153.896874587894,362.84647814189634,220.86307365158908
5,35000,0,0.0,4.044742857142845,1.0,70.0,5.0,6.0,9.0,1198.7943553911496,376.96463128510754,229.45673208658718
6,35000,0,0.0,4.149657142857166,1.0,71.0,6.0,7.0,10.0,1167.4449633088725,367.10671697798534,223.45626250833888
