"runNumber","sampleCount","errorCount","errorPct","meanResTime","minResTime","maxResTime","pct1ResTime","pct2ResTime","pct3ResTime","throughput","StdDev","receivedKBytesPerSec","sentKBytesPerSec"
1,35000,0,0.0,35.1441142857139,2.0,249.0,51.0,58.0,78.0,1378.007008149927,15.83424662009431,433.31860998464504,263.759153903697
2,35000,0,0.0,36.278371428571134,2.0,227.0,55.0,63.0,94.0,1340.9447913873032,16.602647357808173,421.6642801042106,256.665213976476
3,35000,0,0.0,35.10019999999983,2.0,259.0,52.0,59.0,79.0,1379.3103448275863,16.869824446183568,433.7284482758621,264.0086206896552
4,35000,0,0.0,35.4355142857142,1.0,232.0,52.0,59.0,78.0,1367.508009689771,16.400414131815218,430.01716710947875,261.7495799796827
5,35000,0,0.0,35.11288571428589,1.0,268.0,52.0,59.0,75.0,1381.8698673404929,16.065378111166982,434.5332981285534,264.4985292956412
6,35000,0,0.0,35.15271428571433,1.0,1170.0,50.0,59.0,87.0,1352.657004830918,39.82122566534312,425.34722222222223,258.90700483091786
