"runNumber","sampleCount","errorCount","errorPct","meanResTime","minResTime","maxResTime","pct1ResTime","pct2ResTime","pct3ResTime","throughput","receivedKBytesPerSec","sentKBytesPerSec"
1,35000,4889,13.968572,13.436428571428479,2.0,221.0,21.0,23.0,30.0,733.3221589004359,184.68992749277155,140.36244447703655
2,35000,4825,13.785714,13.002600000000045,2.0,218.0,20.0,23.0,29.9900000000016,756.4460005619313,190.59209966446218,144.78849229505718
3,35000,9858,28.165714,12.609428571428557,0.0,1010.0,22.0,28.0,48.0,774.3362831858407,183.72156733960176,148.2128042035398
4,35000,4975,14.214286,13.132800000000103,3.0,219.0,20.0,22.0,29.0,749.1759065028468,188.57848721317265,143.39695085406052
5,35000,4275,12.214286,14.57614285714286,2.0,1014.0,24.0,29.0,45.0,669.446463409969,169.26778247054438,128.1362371370644
6,35000,702,2.0057142,17.70839999999991,3.0,1026.0,31.0,37.0,53.0,556.6246282542662,143.95959153692013,106.54143275179312
