"resTime","throughput","errorPct"
7,590.928204187413,9.280000000000001
