"resTime","throughput","errorPct"
14.0,604.990736689341,13.877143
