"resTime","throughput","errorPct"
60.0,591.5749365802562,27.1542855
