"resTime","throughput","errorPct"
7.0,651.67256896654,9.280000000000001
