"resTime","throughput","errorPct"
22.0,776.8112035264801,18.541428500000002
