"resTime","throughput","errorPct"
24.0,632.5454796255362,18.541428500000002
