"resTime","throughput","errorPct"
54.0,811.9412613048114,27.1542855
