"resTime","throughput","errorPct"
13.0,604.990736689341,13.877143
