"resTime","throughput","errorPct"
54.0,591.5749365802562,27.1542855
