"resTime","throughput","errorPct"
13.0,741.2490327016413,13.877143
