"resTime","throughput","errorPct"
22.0,632.5454796255362,18.541428500000002
