"runNumber","sampleCount","errorCount","errorPct","meanResTime","minResTime","maxResTime","pct1ResTime","pct2ResTime","pct3ResTime","throughput","receivedKBytesPerSec","sentKBytesPerSec"
1,35000,7159,20.454287,61.95991428571393,2.0,6020.0,95.0,124.0,357.0,742.3904974016332,184.24661450047725,142.09818114328135
2,35000,9420,26.914286,61.11837142857148,3.0,1155.0,98.0,112.0,143.0,800.5855711606204,195.76014885173154,153.23708197996248
3,35000,7277,20.79143,62.33448571428561,3.0,6024.0,94.0,128.0,273.9800000000032,740.2394145763716,183.57140237035236,141.68645044625862
4,35000,9757,27.877142,58.65465714285726,3.0,257.0,92.0,104.0,129.0,835.8408559010364,203.92497246202893,159.98516382480776
5,35000,9955,28.442858,59.36297142857155,3.0,278.0,96.0,108.0,133.0,825.3159781173364,201.09270545946518,157.9706364365214
6,35000,9588,27.394285,59.49200000000025,3.0,293.0,96.0,108.0,134.0,823.2969514490026,201.08972907649604,157.58418211328566
