"resTime","throughput","errorPct"
59.0,591.5749365802562,27.1542855
