"runNumber","sampleCount","errorCount","errorPct","meanResTime","minResTime","maxResTime","pct1ResTime","pct2ResTime","pct3ResTime","throughput","receivedKBytesPerSec","sentKBytesPerSec"
1,35000,6,0.017142856,6.186942857142846,1.0,6231.0,8.0,9.0,17.0,792.1060969537863,210.39115896437787,150.06697539944778
2,35000,0,0.0,3.8064285714285666,1.0,70.0,5.0,6.0,10.0,1275.9286938135685,338.91855929422917,241.72867832014873
3,35000,0,0.0,3.640942857142856,1.0,95.0,5.0,5.0,7.0,1332.216808769793,353.8700898294763,252.39263759896468
4,35000,0,0.0,3.5218285714285447,1.0,89.0,4.0,5.0,6.0,1372.6028471704772,364.59763127965806,260.04389878034436
5,35000,0,0.0,3.720714285714293,1.0,68.0,5.0,5.0,7.0,1304.2182143389475,346.432963183783,247.08821638843347
6,35000,0,0.0,3.678771428571419,1.0,80.0,5.0,5.0,7.0,1318.3667319572096,350.19116317613384,249.76869726533073
