"runNumber","sampleCount","errorCount","errorPct","meanResTime","minResTime","maxResTime","pct1ResTime","pct2ResTime","pct3ResTime","throughput","receivedKBytesPerSec","sentKBytesPerSec"
1,35000,0,0.0,31.05025714285716,2.0,318.0,46.0,52.0,74.9900000000016,1552.3129462899722,412.33312635827383,294.09053865259233
2,35000,0,0.0,30.98900000000005,2.0,216.0,45.0,52.0,73.0,1568.803227252353,416.7133572389063,297.2146739130435
3,35000,0,0.0,31.7150285714283,2.0,205.0,46.0,52.0,75.9900000000016,1530.1215353676662,406.4385328320364,289.8863065052024
4,35000,0,0.0,30.31702857142852,1.0,191.0,44.0,50.0,66.0,1597.371183423851,424.3017205969604,302.62696248459673
5,35000,0,0.0,30.755342857142878,2.0,187.0,44.0,50.0,65.9900000000016,1577.5714414495628,419.04241413504013,298.8758394933742
6,35000,1104,3.1542857,72.643057142857,1.0,20208.0,67.0,76.0,102.0,677.3887630881186,177.842976446225,128.33341800692872
