"runNumber","sampleCount","errorCount","errorPct","meanResTime","minResTime","maxResTime","pct1ResTime","pct2ResTime","pct3ResTime","throughput","receivedKBytesPerSec","sentKBytesPerSec"
1,35000,0,0.0,9.024028571428536,2.0,926.0,11.0,13.0,21.0,546.9177279474959,134.05893526838034,105.75167005234785
2,35000,0,0.0,9.270142857142881,2.0,794.0,11.0,14.0,21.0,532.197977647685,130.4508714741884,102.90546833422033
3,35000,0,0.0,9.147114285714265,2.0,320.0,11.0,13.0,21.0,539.2745986256202,132.18547290530339,104.27379934362577
4,35000,0,0.0,9.14362857142859,3.0,547.0,11.0,13.0,20.0,539.7403078061869,132.29962622983683,104.36384857971193
5,35000,0,0.0,8.854057142857194,2.0,67.0,11.0,13.0,20.0,556.8548836173294,136.4947029179196,107.67311226194454
6,35000,0,0.0,8.786799999999896,2.0,66.0,11.0,13.0,19.0,561.3382303411332,137.59364825744575,108.54000938236757
