"resTime","throughput","errorPct"
27.0,683.4891539764255,0.42714285
