"resTime","throughput","errorPct"
27,669.1480240081066,0.42714285
