"resTime","throughput","errorPct"
14,593.2113768885988,19.01571372
