"resTime","throughput","errorPct"
8.0,549.8747158782477,0.36285714999999996
