"resTime","throughput","errorPct"
12.0,593.2113768885988,19.01571372
