"resTime","throughput","errorPct"
28.0,668.537104311452,0.42714285
