"resTime","throughput","errorPct"
14,639.3306825712392,19.01571372
