"runNumber","sampleCount","errorCount","errorPct","meanResTime","minResTime","maxResTime","pct1ResTime","pct2ResTime","pct3ResTime","throughput","receivedKBytesPerSec","sentKBytesPerSec"
1,35000,209,0.5971429,8.962685714285684,3.0,1010.0,14.0,18.0,29.0,546.0388779681114,171.34063148421168,104.5152539860838
2,35000,83,0.23714286,8.756257142857201,3.0,208.0,13.0,16.0,24.0,562.7462014631401,176.80873286638797,107.71314012380417
3,35000,108,0.30857143,9.060799999999988,3.0,216.0,14.0,17.0,25.0,544.5521447575187,171.04905539651176,104.23068395749382
4,35000,0,0.0,8.571514285714208,3.0,793.0,12.0,14.0,20.0,574.6088555433338,180.68755027827487,109.98372625634121
5,35000,191,0.54571426,9.269914285714329,3.0,219.0,16.0,19.0,29.0,531.148038546172,166.69847034107292,101.66505425297822
6,35000,146,0.41714287,8.802457142857198,2.0,220.0,14.0,17.0,26.0,558.0001275428863,175.20575009167146,106.80471191250558
