"resTime","throughput","errorPct"
27.0,668.537104311452,0.42714285
