"runNumber","sampleCount","errorCount","errorPct","meanResTime","minResTime","maxResTime","pct1ResTime","pct2ResTime","pct3ResTime","throughput","StdDev","receivedKBytesPerSec","sentKBytesPerSec"
1,35000,299,0.8542857,29.360428571428425,3.0,2033.0,55.0,67.0,94.0,662.1639517944643,32.753971631033444,207.58902705649206,126.74231889815918
2,35000,10063,28.751429,24.232571428571624,0.0,2059.0,46.0,60.0,95.0,792.7519818799547,53.364007288445784,215.4351730605889,151.73768403171007
3,35000,662,1.8914286,28.766971428571516,3.0,2020.0,51.0,66.0,101.0,681.0265989531648,21.825534045443064,212.7169100120639,130.3527474558792
4,35000,0,0.0,28.715314285714303,3.0,1020.0,41.0,46.0,57.0,685.9517089996864,11.352356920230267,215.699658494042,131.29544430072121
5,35000,0,0.0,28.63508571428563,3.0,91.0,40.0,45.0,56.0,688.3801431830699,9.678676107098301,216.46328721186373,131.76026178113446
6,35000,0,0.0,29.600314285714166,4.0,236.0,42.0,47.0,60.0,666.768269450583,10.41473168597382,209.66736597957785,127.62361407452565
