"resTime","throughput","errorPct"
12.0,687.0382258517116,19.01571372
