"resTime","throughput","errorPct"
8.0,552.0195027554988,0.36285714999999996
