"resTime","throughput","errorPct"
82,562.5562556255626,0.168571425
