"runNumber","sampleCount","errorCount","errorPct","meanResTime","minResTime","maxResTime","pct1ResTime","pct2ResTime","pct3ResTime","throughput","receivedKBytesPerSec","sentKBytesPerSec"
1,35000,0,0.0,18.255514285714117,3.0,231.0,27.0,30.0,39.0,541.7453487292202,143.90110825619914,102.63534927096555
2,35000,0,0.0,17.91239999999996,3.0,616.0,26.0,29.0,38.0,550.7647762321395,146.29689368666206,104.34410799710454
3,35000,5530,15.8,16.459428571428727,0.0,1004.0,28.0,35.0,53.0,597.4939397043258,149.38615499846358,113.19709404554611
4,35000,8546,24.417143,18.652742857142897,0.0,1006.0,34.0,41.0,63.9900000000016,525.7860501449667,126.6689012573798,99.61181028137067
5,35000,7314,20.897142,19.175314285714258,0.0,1008.0,34.0,41.0,59.9900000000016,514.668039114771,125.78613245349608,97.5054683479156
6,35000,251,0.7171429,18.252885714285732,3.0,219.0,31.0,38.0,56.0,539.8069033591413,143.14425953915915,102.26810473796232
