"resTime","throughput","errorPct"
10.0,430.2015868282135,0.5142857000000001
