"resTime","throughput","errorPct"
32.0,552.0409321718273,1.30857145
