"resTime","throughput","errorPct"
83.0,549.1576179634186,0.168571425
