"resTime","throughput","errorPct"
17.0,517.1337904665176,8.25857145
