"resTime","throughput","errorPct"
32.0,556.1561657898113,1.30857145
