"resTime","throughput","errorPct"
17.0,540.7761260441807,8.25857145
