"resTime","throughput","errorPct"
80.0,560.2904512405414,0.168571425
