"resTime","throughput","errorPct"
80.0,549.1576179634186,0.168571425
