"resTime","throughput","errorPct"
26.0,566.2217841497015,1.30857145
