"runNumber","sampleCount","errorCount","errorPct","meanResTime","minResTime","maxResTime","pct1ResTime","pct2ResTime","pct3ResTime","throughput","StdDev","receivedKBytesPerSec","sentKBytesPerSec"
1,35000,287,0.82,34.823914285714274,3.0,2104.0,61.0,79.0,119.9900000000016,559.0607778931395,37.650747426663635,148.21400047919497,105.9158114367862
2,35000,546,1.56,34.34325714285731,3.0,2049.0,67.0,82.0,119.0,571.6899153898926,29.573157075924275,151.29773610793507,108.30844100160073
3,35000,327,0.9342857,34.69014285714301,3.0,2117.0,63.0,79.0,117.0,560.7536529095104,38.97270087443963,148.6227489746219,106.23653189887209
4,35000,21018,60.05143,17.121371428571514,0.0,1008.0,8.0,12.0,23.0,1072.4024879737722,28.392166187812272,219.45137037717927,203.17000260440605
5,35000,32060,91.6,20.299857142857064,0.0,1024.0,7.0,10.0,1003.0,817.7761162643988,117.63629642704704,141.14304656650856,154.93024077665368
6,35000,370,1.0571429,35.643142857143104,4.0,2037.0,58.0,74.0,109.0,553.1148266380101,28.55449437400838,146.5556749581213,104.78933239040425
