"resTime","throughput","errorPct"
18,517.1337904665176,8.25857145
