"runNumber","sampleCount","errorCount","errorPct","meanResTime","minResTime","maxResTime","pct1ResTime","pct2ResTime","pct3ResTime","throughput","receivedKBytesPerSec","sentKBytesPerSec"
1,35000,118,0.33714285,90.14771428571505,4.0,2485.0,190.0,260.0,447.9900000000016,529.0205562273277,140.40961305925032,100.22459756650545
2,35000,0,0.0,88.33851428571457,3.0,1525.0,112.0,123.0,152.0,558.8733114042092,148.45072334174304,105.88029532462556
3,35000,0,0.0,86.9193428571428,4.0,273.0,115.0,126.0,149.0,568.2279405795924,150.93554671645427,107.65255905511812
4,35000,0,0.0,87.93405714285643,5.0,218.0,113.0,123.0,145.0,561.7075910768738,149.20357887979458,106.41725846573583
5,35000,323,0.92285717,88.74414285714317,3.0,6104.0,124.0,157.0,2022.0,539.7985780163174,143.07264917719274,102.26652747574762
6,35000,20983,59.951427,42.848571428571155,0.0,1029.0,25.0,34.0,58.0,1121.1121432461002,229.53294668310963,212.3981990134213
