"resTime","throughput","errorPct"
26.0,552.0409321718273,1.30857145
