"resTime","throughput","errorPct"
10.0,469.45140809359384,0.5142857000000001
