"runNumber","sampleCount","errorCount","errorPct","meanResTime","minResTime","maxResTime","pct1ResTime","pct2ResTime","pct3ResTime","throughput","StdDev","receivedKBytesPerSec","sentKBytesPerSec"
1,34995,0,0.0,42.88686955279319,3.0,113.0,44.0,45.0,49.0,346.3411254725758,2.1133582906231476,89.96751892158706,66.2918560474852
2,34995,0,0.0,43.03520502929009,2.0,775.0,44.0,45.0,50.0,345.97475012110846,14.896734161300445,89.87234719942856,66.22172951536842
3,34995,0,0.0,42.86929561365863,2.0,500.0,44.0,45.0,50.0,347.0417898014637,7.017752288141314,90.14952742889585,66.42596757918642
4,34995,0,0.0,42.721474496356635,2.0,109.0,44.0,45.0,49.0,347.9423725106138,2.0077734564971195,90.3834678592024,66.59834473835967
5,34995,0,0.0,43.45149307043838,2.0,1638.0,44.0,45.0,51.0,342.16572965045225,32.815983798074846,88.88289461623074,65.49265919090686
6,34995,0,0.0,42.813973424775305,2.0,179.0,44.0,45.0,49.0,347.17606325459576,3.2253876212109427,90.18440705636961,66.45166835732496
