"runNumber","sampleCount","errorCount","errorPct","meanResTime","minResTime","maxResTime","pct1ResTime","pct2ResTime","pct3ResTime","throughput","StdDev","receivedKBytesPerSec","sentKBytesPerSec"
1,34995,0,0.0,44.1275325046437,1.0,889.0,48.0,53.0,71.0,336.56805416634603,18.33557274947884,87.42881094555474,64.42122911777717
2,34995,0,0.0,42.821517359623115,1.0,371.0,44.0,46.0,51.9900000000016,347.2759749925573,6.589796766770294,90.21036069142602,66.47079208841917
3,34995,0,0.0,42.75619374196319,2.0,138.0,44.0,46.0,53.0,347.0314653761863,3.2132840173766484,90.14684549811089,66.42399141966065
4,34995,0,0.0,42.90341477353908,1.0,252.0,44.0,46.0,53.0,346.0123791255512,5.212042468456296,89.88212192128576,66.22893194200003
5,34995,0,0.0,43.18694099157025,1.0,1206.0,44.0,46.0,51.0,344.4084677538407,23.68778449438725,89.46548088136878,65.92193328100858
6,34995,0,0.0,43.76530932990421,2.0,1986.0,44.0,46.0,53.0,339.3322925656217,40.78669909750556,88.14686506099157,64.95032162388853
