"runNumber","sampleCount","errorCount","errorPct","meanResTime","minResTime","maxResTime","pct1ResTime","pct2ResTime","pct3ResTime","throughput","StdDev","receivedKBytesPerSec","sentKBytesPerSec"
1,34995,0,0.0,43.59548506929526,2.0,1178.0,44.0,46.0,52.9900000000016,340.90244900344845,23.45510638203076,88.55473772941143,65.25085937956631
2,34995,0,0.0,43.033061865980905,1.0,935.0,44.0,45.0,50.0,344.65608257169873,18.30465445076621,89.52980269928892,65.96932830473921
3,34995,0,0.0,42.98616945277876,2.0,1253.0,44.0,45.0,50.0,345.68767101636814,24.74517514193249,89.79777391636127,66.16678078047671
4,34995,0,0.0,42.54459208458347,1.0,120.0,44.0,45.0,50.0,349.251497005988,2.5780005573159572,90.7235334019461,66.8489193488024
5,34995,0,0.0,42.520217173882,1.0,129.0,44.0,45.0,50.0,349.6073847629323,2.4172209786862817,90.81598080755859,66.91703848978001
6,34995,0,0.0,42.89641377339636,2.0,841.0,44.0,45.0,53.0,346.3411254725758,16.33605539042211,89.96751892158706,66.2918560474852
