"runNumber","sampleCount","errorCount","errorPct","meanResTime","minResTime","maxResTime","pct1ResTime","pct2ResTime","pct3ResTime","throughput","receivedKBytesPerSec","sentKBytesPerSec"
1,34995,0,0.0,17.89661380197182,2.0,208.0,33.0,41.0,61.0,819.3055978273593,200.82588384244843,158.42041832989955
2,34995,0,0.0,17.474096299471498,2.0,119.0,33.0,41.0,58.0,831.8872275180071,203.90985752638647,160.85319438336464
3,34995,0,0.0,18.147821117302485,2.0,450.0,35.0,43.0,63.0,807.0058112720228,197.81099475515407,156.0421392889263
4,34995,0,0.0,18.201743106157853,3.0,1006.0,35.0,42.0,61.0,804.9638864608731,197.31048388835856,155.6473139836454
5,34995,0,0.0,18.11430204314896,3.0,211.0,34.0,42.0,62.0,807.2850584788576,197.87944304511063,156.09613435431038
6,34995,0,0.0,19.195999428489728,2.0,1614.0,35.0,42.0,61.0,766.9800775856402,187.99999948632387,148.30278843941088
