"runNumber","sampleCount","errorCount","errorPct","meanResTime","minResTime","maxResTime","pct1ResTime","pct2ResTime","pct3ResTime","throughput","receivedKBytesPerSec","sentKBytesPerSec"
1,34995,0,0.0,24.33436205172188,3.0,1034.0,32.0,37.0,52.0,606.6463266650487,148.699441399343,117.30075456999965
2,34995,0,0.0,24.09275610801544,3.0,1035.0,31.0,35.0,49.0,612.8399558692188,150.21760637028703,118.49835084189972
3,34995,0,0.0,24.545163594799384,3.0,844.0,31.0,36.0,50.0,603.4869283299993,147.9250185652635,116.68985528255845
4,34995,0,0.0,24.62203171881681,3.0,1037.0,32.0,36.0,48.0,599.527162460811,146.95441189224957,115.92419742894587
5,34995,0,0.0,23.293441920274606,3.0,1031.0,30.0,35.0,47.0,632.8209764918626,155.11529794868898,122.36186850135624
6,34995,0,0.0,24.66769538505487,3.0,1026.0,32.0,36.0,50.0,599.0243067442657,146.83115331329168,115.82696556187949
