"runNumber","sampleCount","errorCount","errorPct","meanResTime","minResTime","maxResTime","pct1ResTime","pct2ResTime","pct3ResTime","throughput","receivedKBytesPerSec","sentKBytesPerSec"
1,34995,0,0.0,17.30470067152457,3.0,411.0,35.0,42.0,61.0,846.8649420419621,207.58115278567627,163.74927590264502
2,34995,0,0.0,17.789169881411524,3.0,570.0,34.0,42.0,64.0,824.4398897448583,202.08438703706975,159.4131818061347
3,34995,0,0.0,18.26195170738668,3.0,244.0,36.0,44.0,63.0,806.0763808909568,197.58317539417007,155.86242521133735
4,34995,0,0.0,17.56428061151601,2.0,140.0,35.0,42.0,61.0,832.7780686307173,204.1282179944434,161.0254468641426
5,34995,0,0.0,17.6834690670096,3.0,177.0,35.0,42.0,60.0,829.6389369621393,203.3587628686494,160.41846632666366
6,34995,0,0.0,17.5374196313758,3.0,1001.0,35.0,42.0,60.0,835.8212520002866,204.874154543039,161.61387489849292
