"runNumber","sampleCount","errorCount","errorPct","meanResTime","minResTime","maxResTime","pct1ResTime","pct2ResTime","pct3ResTime","throughput","receivedKBytesPerSec","sentKBytesPerSec"
1,35000,0,0.0,3.821742857142839,2.0,683.0,4.0,5.0,9.0,258.69396503935843,63.41033713367087,50.0209033962822
2,35000,0,0.0,3.6278857142857173,2.0,900.0,4.0,5.0,9.0,271.8151036003852,66.62655371454754,52.557998547730726
3,35000,0,0.0,3.776685714285689,2.0,1215.0,4.0,5.0,8.0,261.75465362380623,64.16056451130406,50.612716228040654
4,35000,0,0.0,3.8130857142857146,2.0,1317.0,4.0,5.0,8.0,259.2515777310302,63.54701758836776,50.12872303783592
5,35000,0,0.0,3.7269714285714333,2.0,164.0,4.0,5.0,9.0,265.2097809367209,65.00747560070015,51.28079748581128
6,35000,0,0.0,3.644857142857147,2.0,61.0,4.0,5.0,8.0,271.2127082526153,66.47889626113908,52.44151975978303
