"resTime","throughput","errorPct"
181.0,93.20253979549469,44.666382
