"resTime","throughput","errorPct"
238,50.92140094804578,44.666382
