"resTime","throughput","errorPct"
226.0,58.54548604846074,3.016145115
