"resTime","throughput","errorPct"
226.0,65.59250531121045,3.016145115
