"runNumber","sampleCount","errorCount","errorPct","meanResTime","minResTime","maxResTime","pct1ResTime","pct2ResTime","pct3ResTime","throughput","StdDev","receivedKBytesPerSec","sentKBytesPerSec"
1,34995,13051,37.2939,174.66560937276708,0.0,6344.0,285.0,362.0,1004.0,84.1549634474798,228.3002872839644,54.20785150238073,17.202318462329263
2,34995,18211,52.038864,142.2756679525647,0.0,2278.0,248.0,361.0,1004.0,102.25011614350956,185.7697771891683,54.34569784626836,20.90124635590608
3,34995,22427,64.086296,113.34796399485624,0.0,2525.0,310.0,381.0,1003.0,124.65803197401043,196.1306762117938,54.079590469912155,25.481161090539597
4,34995,12313,35.185028,169.1495642234613,0.0,1398.0,315.0,346.0,441.0,83.09667185897192,163.26559020709857,54.89429511413771,16.98582357451037
5,34995,21179,60.520073,113.6000000000006,0.0,2166.0,252.0,348.0,1004.0,122.17047660275655,193.7912121701738,55.780393320771246,24.973556404131347
6,34995,0,0.0,250.39548506929657,15.0,753.0,311.0,330.0,371.0,59.733210436029395,53.91897731738153,55.58648657731008,12.20988248478719
