"resTime","throughput","errorPct"
181.0,50.92140094804578,44.666382
