"resTime","throughput","errorPct"
235,58.54548604846074,3.016145115
