"resTime","throughput","errorPct"
233,58.034248415438654,3.016145115
