"runNumber","sampleCount","errorCount","errorPct","meanResTime","minResTime","maxResTime","pct1ResTime","pct2ResTime","pct3ResTime","throughput","receivedKBytesPerSec","sentKBytesPerSec"
1,34995,0,0.0,171.38996999571538,8.0,679.0,287.0,336.0,445.0,86.89530847275816,80.94193054800286,17.762692368694843
2,34995,0,0.0,148.26372338905577,11.0,1897.0,245.0,288.0,390.9900000000016,100.44171969312106,93.39769181548516,20.530771084652894
3,34995,0,0.0,151.6752393199028,9.0,1389.0,249.0,293.0,390.0,98.08538010712455,91.29397600961795,20.049438700666514
4,34995,0,0.0,149.4969567081012,9.0,1094.0,239.0,276.0,347.0,99.63641747359969,92.79521661738706,20.366480402987243
5,34995,0,0.0,164.82557508215515,10.0,766.0,278.0,326.9500000000007,432.9900000000016,90.31643658493152,84.1143292820624,18.461311056182268
6,34995,0,0.0,162.81877411058795,8.0,1143.0,276.0,324.0,433.9900000000016,91.26400450647806,84.87691372102606,18.654835022447635
