"runNumber","sampleCount","errorCount","errorPct","meanResTime","minResTime","maxResTime","pct1ResTime","pct2ResTime","pct3ResTime","throughput","StdDev","receivedKBytesPerSec","sentKBytesPerSec"
1,34995,0,0.0,251.83837691098907,12.0,1578.0,316.0,462.0,557.0,56.38897840799226,95.77743930101447,53.69867775388737,11.526488667720754
2,34995,0,0.0,238.01868838405477,10.0,1484.0,303.0,438.0,526.0,59.71119540123978,85.34593024771195,56.85188519980941,12.205464107057848
3,34995,0,0.0,240.27798256893837,9.0,1333.0,305.0,430.0,532.0,59.49577774641997,88.03596988529034,56.70907816396999,12.16170323505635
4,34995,0,0.0,233.58214030575738,10.0,1302.0,299.0,430.0,521.0,61.228024746654725,83.56833450824814,58.35105828078635,12.515689189260119
5,34995,0,0.0,238.24363480497126,10.0,2607.0,302.0,432.0,523.0,60.18812335856436,95.2195876290861,57.30888756509845,12.30311170297389
6,34995,0,0.0,234.69929989998477,10.0,1452.0,301.0,434.0,522.0,60.50468113799632,87.67775040459135,57.56282005876276,12.36764398389481
