"runNumber","sampleCount","errorCount","errorPct","meanResTime","minResTime","maxResTime","pct1ResTime","pct2ResTime","pct3ResTime","throughput","receivedKBytesPerSec","sentKBytesPerSec"
1,34995,0,0.0,132.40377196742386,10.0,1173.0,202.0,236.0,342.0,112.74307658603848,104.96236561521411,23.045274851520315
2,34995,0,0.0,129.6912987569662,9.0,1201.0,195.0,225.0,321.0,114.86047381791685,106.9559216623752,23.47886721750133
3,34995,0,0.0,131.4999857122458,12.0,1126.0,196.0,225.0,305.9900000000016,113.54713528316212,105.66113596210879,23.210218020355423
4,34995,53,0.1514502,142.75745106443847,2.0,34880.0,189.0,224.0,343.9900000000016,104.58162865826507,97.1988763946832,21.37748746055215
5,34995,0,0.0,132.8748106872402,12.0,1403.0,211.0,247.0,360.0,111.93635988523285,104.30559503875152,22.880989975666356
6,34995,0,0.0,191.43271895985043,9.0,964.0,307.0,349.0,444.0,77.97616262358203,72.4834541579488,15.938744402322016
