"runNumber","sampleCount","errorCount","errorPct","meanResTime","minResTime","maxResTime","pct1ResTime","pct2ResTime","pct3ResTime","throughput","receivedKBytesPerSec","sentKBytesPerSec"
1,34995,0,0.0,152.44180597228055,8.0,1214.0,252.0,302.0,423.0,97.90317391486802,91.15002614038524,20.01247842762523
2,34995,0,0.0,160.87641091584493,10.0,1641.0,262.0,306.0,396.0,92.60851961331743,86.27813561428731,18.93052920016487
3,34995,0,0.0,162.74784969281242,9.0,1665.0,259.0,300.0,392.0,91.29352714674792,85.00290183695776,18.661412245254667
4,34995,0,0.0,162.87226746678104,8.0,1424.0,261.0,301.0,375.9900000000016,91.39796179541692,85.15741253189591,18.68274199516958
5,34995,0,0.0,159.79594227746804,10.0,1144.0,257.0,299.0,395.0,93.21510193861842,86.76842430817852,19.05386274062921
6,34995,0,0.0,160.95273610515667,9.0,700.0,263.0,304.0,392.9900000000016,92.51328416210643,86.07763221376266,18.910527285404605
