"runNumber","sampleCount","errorCount","errorPct","meanResTime","minResTime","maxResTime","pct1ResTime","pct2ResTime","pct3ResTime","throughput","receivedKBytesPerSec","sentKBytesPerSec"
1,35000,0,0.0,154.89920000000038,10.0,1973.0,226.0,291.0,350.0,60.92116279353122,58.060892102854936,12.453196772744915
2,35000,0,0.0,151.98388571428546,10.0,1781.0,224.0,290.0,349.0,61.49089056378362,58.513340023212805,12.569367695211616
3,35000,91,0.26,151.30600000000138,10.0,2259.0,229.0,287.0,358.0,61.75660486889073,58.73169433601504,12.623684143197687
4,35000,0,0.0,154.8618857142859,10.0,1775.0,234.0,290.0,349.0,61.75889328063241,58.812964777028334,12.624076097984895
5,35000,0,0.0,149.15911428571516,10.0,1719.0,224.0,288.9500000000007,354.0,62.36946961003044,59.36094494257108,12.748937366239762
6,35000,0,0.0,150.673114285714,10.0,1539.0,223.0,288.0,349.9900000000016,61.8879721610219,58.88569752938795,12.650153620313754
