"runNumber","sampleCount","errorCount","errorPct","meanResTime","minResTime","maxResTime","pct1ResTime","pct2ResTime","pct3ResTime","throughput","receivedKBytesPerSec","sentKBytesPerSec"
1,35000,0,0.0,316.71491428571466,10.0,2884.0,384.0,563.9500000000007,703.9900000000016,60.668462453155286,57.82480770805817,12.40121772708639
2,35000,0,0.0,311.8666857142839,10.0,2864.0,380.0,456.9500000000007,679.0,61.05101946480932,58.135352917410174,12.479417766239134
3,35000,0,0.0,316.84788571428584,10.0,2909.0,386.0,541.0,699.0,60.31810042791383,57.475954956704534,12.329669358792742
4,35000,0,0.0,322.25168571428657,10.0,2862.0,385.0,562.0,716.0,59.35865517030846,56.60239464739687,12.133613007113711
5,35000,0,0.0,317.6102857142868,12.0,3020.0,383.0,538.0,695.0,60.33827360131572,57.405562453453335,12.333432693948762
6,35000,198,0.5657143,356.2867142857156,9.0,19345.0,389.0,548.0,710.0,54.15877495945829,51.36554067430382,11.070624807542924
