"runNumber","sampleCount","errorCount","errorPct","meanResTime","minResTime","maxResTime","pct1ResTime","pct2ResTime","pct3ResTime","throughput","receivedKBytesPerSec","sentKBytesPerSec"
1,35000,0,0.0,814.9177428571413,11.0,4819.0,926.0,977.9500000000007,1729.9900000000016,60.082639378848505,57.214586876599704,12.28138603085072
2,35000,5,0.014285714,827.9780285714278,10.0,7826.0,904.0,939.9500000000007,1622.0,59.223562178817936,56.389599057541616,12.105841415586966
3,35000,0,0.0,810.6198285714329,16.0,4364.0,913.0,952.0,1630.9900000000016,60.448632479222944,57.57885895164368,12.356221645813328
4,35000,0,0.0,825.8606285714297,11.0,4329.0,926.0,971.0,1725.9800000000032,59.316303340185776,56.477705424539494,12.12478697767758
5,35000,0,0.0,819.9438000000015,12.0,4615.0,921.0,962.0,1684.9900000000016,59.806057499252425,57.00580739512581,12.225045655517109
6,35000,0,0.0,832.3789714285696,10.0,4813.0,953.0,1017.0,1716.9700000000048,58.85834981367128,56.101332085326106,12.031336448201289
