"runNumber","sampleCount","errorCount","errorPct","meanResTime","minResTime","maxResTime","pct1ResTime","pct2ResTime","pct3ResTime","throughput","receivedKBytesPerSec","sentKBytesPerSec"
1,35000,0,0.0,43.570771428571305,4.0,647.0,45.0,47.0,54.0,114.45838293196593,32.19142019961542,21.908049858071603
2,35000,0,0.0,43.54237142857165,3.0,299.0,45.0,48.0,55.0,114.46175178805608,32.192367690390775,21.90869467818261
3,35000,0,0.0,43.584028571428156,3.0,593.0,45.0,47.0,54.0,114.32528483328107,32.1539863593603,21.882574050120205
4,35000,0,0.0,43.55551428571414,3.0,888.0,45.0,47.0,54.0,114.44865179488185,32.18868331731052,21.906187257614103
5,35000,0,0.0,43.56142857142846,3.0,244.0,45.0,47.0,54.0,114.45763432420942,32.1912096536839,21.90790656986821
6,35000,0,0.0,43.479314285714004,3.0,481.0,45.0,47.0,54.0,114.61242988175272,32.23474590424295,21.93753540705423
