"runNumber","sampleCount","errorCount","errorPct","meanResTime","minResTime","maxResTime","pct1ResTime","pct2ResTime","pct3ResTime","throughput","StdDev","receivedKBytesPerSec","sentKBytesPerSec"
1,35000,0,0.0,42.83497142857115,1.0,238.0,44.0,45.0,55.0,231.73743486522812,4.328020090821256,60.19741960366278,44.35599339217258
2,35000,0,0.0,42.94948571428587,1.0,438.0,44.0,46.0,54.0,231.65460959579582,7.377055377876354,60.1759044457829,44.340140117945296
3,35000,0,0.0,43.08242857142844,2.0,1113.0,44.0,46.0,59.0,230.47695559696822,18.044347585127355,59.8699904187437,44.1147297822322
4,35000,0,0.0,42.84754285714301,1.0,114.0,44.0,46.0,56.0,231.5749078662688,3.690753350686047,60.155200676198724,44.32488470877801
5,35000,0,0.0,42.73980000000007,1.0,160.0,44.0,45.0,56.0,232.37594444223134,3.4955301144289193,60.3632824430015,44.478208115895846
6,35000,0,0.0,42.749771428571336,1.0,145.0,44.0,45.0,55.0,232.53187347608576,3.9141786913230368,60.40378744593634,44.50805390753204
