"runNumber","sampleCount","errorCount","errorPct","meanResTime","minResTime","maxResTime","pct1ResTime","pct2ResTime","pct3ResTime","throughput","StdDev","receivedKBytesPerSec","sentKBytesPerSec"
1,35000,0,0.0,43.622114285714176,1.0,204.0,46.0,48.0,52.0,1118.1036961313614,6.045694179593489,290.44490544037313,214.01203558764334
2,35000,0,0.0,50.27317142857146,2.0,4190.0,49.0,54.0,76.0,968.5364031325234,149.5959174525533,251.59246409497192,185.38392091208456
3,35000,0,0.0,46.434828571428184,1.0,1435.0,49.0,54.0,79.0,1049.9790004199915,51.65683076726815,272.74845128097434,200.972543049139
4,35000,0,0.0,43.89228571428602,1.0,309.0,46.0,48.0,52.0,1104.79797979798,8.864472421678045,286.9885377209596,211.46523832070707
5,35000,0,0.0,45.1622857142852,1.0,345.0,49.0,54.0,80.0,1078.183722506315,15.08949484149006,280.07506854167946,206.37110313597435
6,35000,0,0.0,44.65240000000021,1.0,262.0,49.0,54.0,85.0,1083.59133126935,10.09799848339599,281.47977941176475,207.40615325077403
