"runNumber","sampleCount","errorCount","errorPct","meanResTime","minResTime","maxResTime","pct1ResTime","pct2ResTime","pct3ResTime","throughput","receivedKBytesPerSec","sentKBytesPerSec"
1,35000,0,0.0,42.63722857142858,1.0,138.0,44.0,45.0,52.9900000000016,463.2877546428051,120.34623313963493,88.67617178709942
2,35000,0,0.0,42.76348571428563,1.0,177.0,44.0,45.0,54.0,462.7120212583123,120.19667739717877,88.56597281897383
3,35000,0,0.0,42.76991428571444,1.0,148.0,44.0,46.0,59.0,461.40054840750895,119.85600183241932,88.31494871862476
4,35000,0,0.0,42.70520000000034,1.0,130.0,44.0,45.0,54.0,461.40054840750895,119.85600183241932,88.31494871862476
5,35000,0,0.0,42.66868571428575,1.0,233.0,43.0,45.0,53.0,463.1957862417617,120.32234291045764,88.65856846033721
6,35000,0,0.0,42.67317142857117,2.0,126.0,44.0,45.0,52.0,462.41858129979255,120.12045178295394,88.50980657691343
