"startTime","resTime","throughput","errorPct"
"warm_0",20,1897.284919856068,0.0
"cold_0",27,1036.3265918679704,0.0
"warm_1",20.0,1845.3706649697742,0.0
"cold_1",27,1599.5592290524276,0.0
"warm_2",21,1851.8518518518517,0.0
"cold_2",27.0,1628.2987085906793,0.0
