"startTime","resTime","throughput","errorPct"
"warm_0",9.0,1715.5848177605758,0.0
"cold_0",12.0,432.4601631671434,0.0
"warm_1",9.0,1687.5206808332055,0.0
"cold_1",11.0,446.2641759958252,0.0
"warm_2",9.0,1694.5741520682006,0.0
"cold_2",11.0,447.1758400329829,0.0
