"startTime","resTime","throughput","errorPct"
"warm_0",3.0,1169.3082558849712,0.0
"cold_0",4.0,401.0456077595102,0.0
"warm_1",3.0,1157.6648589908364,0.0
"cold_1",4.0,388.5473048517621,0.0
"warm_2",3.0,1099.0076373998509,0.0
"cold_2",3.0,400.34816211207624,0.0
