"startTime","resTime","throughput","errorPct"
"warm_0",5,1493.722777350756,0.0
"cold_0",6,1396.7417345471968,0.0
"warm_1",5,1474.0834386852086,0.0
"cold_1",5,1412.0489684863287,0.0
"warm_2",5,1561.6349283606608,0.0
"cold_2",6,1338.719393639809,0.0
