"startTime","resTime","throughput","errorPct"
"warm_0",3.0,1187.291801435937,0.0
"cold_0",3.0,1146.3967175706052,0.0
"warm_1",3,1175.0493125491848,0.0
"cold_1",3.0,1091.7602996254682,0.0
"warm_2",3.0,1118.4230458034294,0.0
"cold_2",3.0,1121.1538461538462,0.0
