"startTime","resTime","throughput","errorPct"
"warm_0",21.0,1833.9932409462676,0.0
"cold_0",28.0,344.88456214851436,0.0
"warm_1",20.0,1794.637608732698,0.0
"cold_1",28.0,432.80515128883144,0.0
"warm_2",21.0,1781.6037726947632,0.0
"cold_2",28.0,442.73427220755116,0.0
