"startTime","resTime","throughput","errorPct"
"warm_0",27.0,1421.7279783816177,0.0
"cold_0",4.0,167.0107850670897,0.0
"warm_1",28.0,1423.3183690692535,0.0
"cold_1",19.0,1363.6577199942292,0.0
"warm_2",28.0,1444.9717574717574,0.0
"cold_2",20.0,1420.188559061886,0.0
