"startTime","resTime","throughput","errorPct"
"warm_0",4.0,980.9293397268993,0.0
"cold_0",4.0,574.4171760511512,0.0
"warm_1",4.0,975.6563180988053,0.0
"cold_1",4.0,935.8746843218894,0.0
"warm_2",4.0,987.6381967809664,0.0
"cold_2",4.0,895.133802947204,0.0
