"startTime","resTime","throughput","errorPct"
"warm_0",9,1765.7766990291263,0.0
"cold_0",11,1524.1802841665553,0.0
"warm_1",9.0,1731.666735274629,0.0
"cold_1",11.0,1580.2597177406751,0.0
"warm_2",9.0,1734.211239194542,0.0
"cold_2",11,1663.7214137214137,0.0
