"startTime","resTime","throughput","errorPct"
"warm_0",5.0,1457.3320634717509,0.0
"cold_0",6.0,428.52160315691947,0.0
"warm_1",5.0,1470.5815188697848,0.0
"cold_1",6.0,412.257020868042,0.0
"warm_2",5.0,1529.673162354848,0.0
"cold_2",6.0,423.10843204441494,0.0
