"runNumber","sampleCount","errorCount","errorPct","meanResTime","minResTime","maxResTime","pct1ResTime","pct2ResTime","pct3ResTime","throughput","receivedKBytesPerSec","sentKBytesPerSec"
1,35000,0,0.0,2.595428571428577,1.0,71.0,3.0,3.0,6.0,378.2924957577199,100.48394418564433,71.66869548534928
2,35000,0,0.0,2.565142857142878,1.0,71.0,3.0,3.0,5.0,381.43397377913885,101.31839928508376,72.26385831362592
3,35000,0,0.0,2.647914285714264,1.0,1460.0,3.0,4.0,6.0,370.31942695713815,98.36609778548983,70.15817268523907
4,35000,0,0.0,2.5980857142857188,1.0,71.0,3.0,4.0,8.0,377.2974721069369,100.2196410284051,71.48018514525953
5,35000,0,0.0,2.5827428571428612,1.0,75.0,3.0,3.0,6.0,377.39104181492746,100.24449548209009,71.49791221884367
6,35000,0,0.0,2.5061428571428537,1.0,226.0,3.0,3.0,5.0,391.5996285397809,104.01865133087931,74.18977337570068
