"runNumber","sampleCount","errorCount","errorPct","meanResTime","minResTime","maxResTime","pct1ResTime","pct2ResTime","pct3ResTime","throughput","StdDev","receivedKBytesPerSec","sentKBytesPerSec"
1,35000,0,0.0,2.8119142857142814,1.0,1905.0,3.0,4.0,8.0,349.270025646399,10.294196426312839,92.77485056232474,66.17029782754044
2,35000,0,0.0,2.6967142857142985,1.0,69.0,3.0,4.0,7.0,364.0751451099507,1.2318759174658689,96.70746041983065,68.97517397590863
3,35000,0,0.0,2.6912000000000136,1.0,404.0,3.0,4.0,7.0,363.2928867252779,2.4859184528089067,96.49967303640196,68.82697268037492
4,35000,0,0.0,2.6915714285714083,1.0,73.0,3.0,4.0,8.0,364.442870976811,1.3196455696875384,96.80513760321543,69.04484079052865
5,35000,0,0.0,2.7162000000000006,1.0,1523.0,3.0,4.0,7.0,361.09276989105314,8.211485759242311,95.915267002311,68.41015367076594
6,35000,0,0.0,2.6313142857142977,1.0,75.0,3.0,4.0,6.0,373.05876208443914,1.1348979505566044,99.09373367867916,70.67714828552852
