"runNumber","sampleCount","errorCount","errorPct","meanResTime","minResTime","maxResTime","pct1ResTime","pct2ResTime","pct3ResTime","throughput","receivedKBytesPerSec","sentKBytesPerSec"
1,35000,0,0.0,2.78282857142859,1.0,73.0,3.0,4.0,8.0,352.54892875489793,93.64580920051975,66.79149626801777
2,35000,0,0.0,2.8062857142856954,1.0,72.0,3.0,4.0,9.0,348.31762586706213,92.52186937093836,65.98986271309575
3,35000,0,0.0,2.7206571428571467,1.0,74.0,3.0,4.0,9.0,360.7987052480749,95.83715608151988,68.35444220520168
4,35000,0,0.0,2.7585714285714307,1.0,74.0,3.0,4.0,9.0,355.77421551785477,94.50252599693017,67.40253692428108
5,35000,0,0.0,2.7281142857142866,1.0,73.0,3.0,4.0,8.0,359.5422513508516,95.50341051506996,68.11640308795431
6,35000,0,0.0,2.78508571428574,1.0,80.0,3.0,4.0,8.0,349.4967247164084,92.83506750279597,66.2132466747883
