"runNumber","sampleCount","errorCount","errorPct","meanResTime","minResTime","maxResTime","pct1ResTime","pct2ResTime","pct3ResTime","throughput","StdDev","receivedKBytesPerSec","sentKBytesPerSec"
1,35000,29582,84.52,90.24874285714294,0.0,3662.0,201.0,437.0,1004.0,158.3710407239819,221.04230352353258,29.14423076923077,30.15854779411765
2,35000,0,0.0,647.5857714285688,56.0,1684.0,730.0,786.0,1048.9700000000048,30.802782107279928,98.42686688418478,9.024252570492168,5.865764170819909
3,35000,17351,49.574287,331.11902857142786,0.0,3731.0,571.0,637.0,714.0,60.16278330224923,343.0144459697253,13.78397182877672,11.456780023377538
4,35000,27063,77.32286,152.37708571428522,0.0,8002.0,5.0,8.0,32.9900000000016,118.67906806414095,291.26408615798573,22.950438985395692,22.59937212945004
5,35000,32794,93.69714,52.660057142857504,0.0,8002.0,6.0,10.0,1003.0,362.1014297833599,190.90998641714444,62.37734622328209,68.95289197803079
6,35000,19183,54.80857,293.68899999999735,0.0,3839.0,17.0,29.0,675.0,67.87510205506416,348.5230855279028,15.090930516742848,12.925434473376475
