"resTime","throughput","errorPct"
1543,26.178775173703436,62.202856
