"resTime","throughput","errorPct"
151.0,28.395926426171137,1.5085714
