"resTime","throughput","errorPct"
636,28.646802340698866,66.06571500000001
