"resTime","throughput","errorPct"
39.0,26.178775173703436,62.202856
