"resTime","throughput","errorPct"
8.0,28.646802340698866,66.06571500000001
