"resTime","throughput","errorPct"
162.0,28.310613959628572,1.5085714
