"resTime","throughput","errorPct"
160,28.385083395375016,1.5085714
