"resTime","throughput","errorPct"
151.0,28.310613959628572,1.5085714
