"resTime","throughput","errorPct"
320,29.875424949186474,45.852857
