"resTime","throughput","errorPct"
1533.0,26.178775173703436,62.202856
