"resTime","throughput","errorPct"
8.0,27.45037385218363,66.06571500000001
