"runNumber","sampleCount","errorCount","errorPct","meanResTime","minResTime","maxResTime","pct1ResTime","pct2ResTime","pct3ResTime","throughput","StdDev","receivedKBytesPerSec","sentKBytesPerSec"
1,35000,0,0.0,340.71942857143034,53.0,1545.0,407.0,527.0,737.0,29.309477093806237,94.64043678211696,8.586760867326046,5.58139456376193
2,35000,12621,36.06,211.89825714285712,0.0,3381.0,337.0,362.0,500.9900000000016,47.14604767947153,174.250583106989,11.621905914336978,8.978007126461865
3,35000,19558,55.88,147.94682857142894,0.0,1287.0,5.0,9.0,319.0,67.33592159790065,173.90816805748688,14.87812739283007,12.822758507412722
4,35000,21191,60.545715,130.31854285714314,0.0,3351.0,7.0,14.0,344.0,76.41504284700616,169.57226376287596,16.431255458217347,14.551692729654496
5,35000,19476,55.645714,148.32242857142973,0.0,1156.0,4.0,8.0,327.0,67.17863182079044,174.30607374065676,14.865011737066673,12.79280586431068
6,35000,1093,3.122857,322.5024857142841,0.0,3386.0,383.0,458.9500000000007,727.0,30.90570492822371,120.16079255966166,8.93099332812057,5.88536373144885
