"runNumber","sampleCount","errorCount","errorPct","meanResTime","minResTime","maxResTime","pct1ResTime","pct2ResTime","pct3ResTime","throughput","StdDev","receivedKBytesPerSec","sentKBytesPerSec"
1,35000,23458,67.02286,572.8165142857189,0.0,8017.0,33.0,42.0,62.0,86.71844996964855,937.021978486599,18.908367633577384,16.47507793046419
2,35000,21673,61.922855,771.8309999999914,0.0,8017.0,42.0,55.0,622.0,64.4925907226487,1372.145703646009,15.2879542351363,12.161648907979208
3,35000,14697,41.99143,953.9889999999936,0.0,8008.0,1616.0,1689.0,4067.9900000000016,52.373883688079104,889.0322228622423,13.34898065458376,9.959579344656815
4,35000,21869,62.482857,735.9412285714343,0.0,8037.0,39.0,54.0,86.0,67.65245965014013,1304.5152613483267,15.756480592200637,12.778132021962888
5,35000,30111,86.031425,257.64454285714226,0.0,8042.0,545.9000000000015,1002.0,1005.0,158.7618390971441,856.2956593709565,29.917100450316617,30.14399610211335
6,35000,14412,41.177143,1092.2318571428543,0.0,8027.0,2056.800000000003,4260.950000000001,8003.0,45.74511605535943,1349.02583429865,12.322679983342242,8.612915723037501
