"resTime","throughput","errorPct"
8.0,93.27708505960256,66.06571500000001
