"resTime","throughput","errorPct"
39.0,66.07252518639442,62.202856
