"resTime","throughput","errorPct"
287.0,57.16233975013098,45.852857
