"resTime","throughput","errorPct"
635,28.646802340698866,66.06571500000001
