"resTime","throughput","errorPct"
287.0,29.875424949186474,45.852857
