"resTime","throughput","errorPct"
317.0,29.94497973169892,45.852857
