"runNumber","sampleCount","errorCount","errorPct","meanResTime","minResTime","maxResTime","pct1ResTime","pct2ResTime","pct3ResTime","throughput","receivedKBytesPerSec","sentKBytesPerSec"
1,35000,5,0.014285714,18.579514285714144,4.0,919.0,37.0,45.0,65.0,53.47585412398148,51.95273974705539,10.83746225416386
2,35000,0,0.0,19.02811428571443,4.0,225.0,39.0,47.0,70.0,52.234128287019075,50.75359972427843,10.585807206164374
3,35000,0,0.0,19.33777142857135,4.0,222.0,39.0,48.0,69.9900000000016,51.42679982779369,50.008496327208164,10.422325432187153
4,35000,0,0.0,19.39205714285726,4.0,246.0,39.0,47.0,65.0,51.26913070991633,49.85765463456462,10.39048612703099
5,35000,0,0.0,20.1826857142857,4.0,252.0,43.0,53.0,77.0,49.280712796229885,47.93727436473641,9.987679711799352
6,35000,0,0.0,21.315600000000074,4.0,1436.0,46.0,56.0,79.0,46.66200046662,45.364795551694826,9.456710578942106
