"runNumber","sampleCount","errorCount","errorPct","meanResTime","minResTime","maxResTime","pct1ResTime","pct2ResTime","pct3ResTime","throughput","receivedKBytesPerSec","sentKBytesPerSec"
1,34995,0,0.0,22.362080297185305,3.0,2035.0,29.0,33.0,43.0,632.4664293072599,198.88104515325946,121.05802748459271
2,34995,0,0.0,21.2075153593371,3.0,2045.0,28.0,32.0,41.0,667.5632368089733,209.9173459496967,127.77577579546755
3,34995,0,0.0,21.784769252750472,3.0,6028.0,29.0,33.0,42.0,655.3861712487827,206.08822963096486,125.4450093405873
4,34995,0,0.0,21.616545220746126,3.0,2051.0,29.0,32.0,42.0,666.3556562636861,209.5376184735419,127.54463733172115
5,34995,0,0.0,21.425032147449564,3.0,2050.0,29.0,32.0,42.0,665.7471701702655,209.34627811994673,127.42816929040237
6,34995,0,0.0,21.803371910272993,3.0,2046.0,29.0,32.0,41.0,659.1761005104636,207.27998473082937,126.17042548833092
