"runNumber","sampleCount","errorCount","errorPct","meanResTime","minResTime","maxResTime","pct1ResTime","pct2ResTime","pct3ResTime","throughput","receivedKBytesPerSec","sentKBytesPerSec"
1,34995,0,0.0,22.143049007001053,3.0,6024.0,28.0,32.0,42.0,638.1407392549098,200.66534964851658,122.14412587301008
2,34995,0,0.0,21.287812544649256,3.0,2046.0,29.0,33.0,42.0,667.9964877452852,210.05358306052915,127.858702732496
3,34995,0,0.0,21.68764109158467,3.0,6027.0,29.0,32.0,42.0,664.6092488842465,208.98845521555407,127.21036404425031
4,34995,0,0.0,21.25032147449624,3.0,2039.0,29.0,32.0,41.0,666.4444867644258,209.56555150209485,127.56164004475339
5,34995,0,0.0,21.81734533504784,3.0,6036.0,29.0,33.0,42.0,657.2077824519231,206.6610409663274,125.7936771099384
6,34995,0,0.0,21.27309615659393,3.0,2045.0,29.0,33.0,42.0,667.1432656562768,209.78528470832143,127.69539069202173
