"runNumber","sampleCount","errorCount","errorPct","meanResTime","minResTime","maxResTime","pct1ResTime","pct2ResTime","pct3ResTime","throughput","receivedKBytesPerSec","sentKBytesPerSec"
1,35000,0,0.0,19.228485714285796,9.0,1075.0,31.0,35.0,45.0,51.85454060580919,49.394151166634565,10.599473213425881
2,35000,0,0.0,18.849371428571498,9.0,1693.0,31.0,34.0,44.0,52.90125602696453,50.3755000231443,10.813396074065537
3,35000,0,0.0,18.942771428571497,9.0,1252.0,31.0,34.0,43.0,52.63482410193711,50.191889767827796,10.759285006199631
4,35000,0,0.0,18.639199999999967,9.0,1863.0,31.0,34.0,44.0,53.49726934652321,51.00095003030238,10.935541916352433
5,35000,0,0.0,19.004514285714208,9.0,1784.0,31.0,34.0,44.0,52.46125736143858,49.98017801744037,10.723741161683346
6,35000,7,0.02,18.70068571428574,9.0,1389.0,31.0,34.0,44.0,53.32512634246005,50.75154623821705,10.899767414367465
