"runNumber","sampleCount","errorCount","errorPct","meanResTime","minResTime","maxResTime","pct1ResTime","pct2ResTime","pct3ResTime","throughput","StdDev","receivedKBytesPerSec","sentKBytesPerSec"
1,35000,0,0.0,13.54657142857149,2.0,1744.0,19.0,22.0,32.0,727.000810086617,29.253079853118432,208.7287482084623,137.7325753484411
2,35000,0,0.0,13.145200000000065,2.0,817.0,19.0,22.0,31.0,747.7833564790086,14.34720673256249,214.69561211409038,141.66989370793718
3,35000,0,0.0,12.991199999999987,2.0,591.0,19.0,22.0,32.0,757.6249540013421,10.783235093367427,217.52122702772905,143.53441511353552
4,35000,0,0.0,13.162199999999938,2.0,1374.0,19.0,22.0,30.0,740.0828892835998,19.821543174877633,212.4847357904085,140.211016133807
5,35000,0,0.0,13.616942857142787,2.0,1229.0,19.0,22.0,33.0,721.9025225336716,21.96946192861039,207.2649820555659,136.766688839387
6,35000,0,0.0,13.672828571428502,2.0,1585.0,19.0,22.0,32.0,718.9811010682005,36.16068352506803,206.42621456450289,136.21321641331141
