"runNumber","sampleCount","errorCount","errorPct","meanResTime","minResTime","maxResTime","pct1ResTime","pct2ResTime","pct3ResTime","throughput","receivedKBytesPerSec","sentKBytesPerSec"
1,35000,0,0.0,65.74402857142809,2.0,1624.0,96.0,109.0,138.0,746.6666666666667,214.375,141.45833333333334
2,35000,0,0.0,67.11645714285686,2.0,1698.0,96.0,111.0,151.0,732.6160673169506,210.34094120232763,138.79640337840667
3,35000,0,0.0,62.08439999999999,2.0,1056.0,93.0,105.0,131.0,790.2282630782778,226.88194271973992,149.71121390350186
4,35000,0,0.0,62.89005714285757,2.0,634.0,96.0,109.0,137.0,780.5008585509444,224.08911368552504,147.8683267176594
5,35000,26689,76.25429,22.084028571428888,0.0,976.0,13.0,16.0,27.0,2188.731161278219,622.6476025576887,414.5790258973798
6,35000,0,0.0,63.90877142857093,2.0,8011.0,91.0,105.0,135.0,731.1926797167151,209.93227327804127,138.52673814945578
