"runNumber","sampleCount","errorCount","errorPct","meanResTime","minResTime","maxResTime","pct1ResTime","pct2ResTime","pct3ResTime","throughput","StdDev","receivedKBytesPerSec","sentKBytesPerSec"
1,35000,0,0.0,3.746342857142869,2.0,1519.0,4.0,5.0,9.0,263.9139188200786,8.704349975885155,64.68983752328097,51.03023039685113
2,35000,0,0.0,3.8125142857142875,2.0,162.0,4.0,5.0,9.0,259.4956886644869,1.5798572692479744,63.60685337381466,50.17592417535977
3,35000,0,0.0,3.85814285714285,2.0,3818.0,4.0,5.0,9.0,256.3482821002981,21.601339440712827,62.83536992888167,49.567343609237334
4,35000,0,0.0,3.675314285714295,2.0,1347.0,4.0,5.0,9.0,268.78417398783563,11.418859915451439,65.88362077240892,51.971939892179144
5,35000,0,0.0,3.779600000000021,2.0,3188.0,4.0,5.0,9.0,261.4144763868038,19.30212453622037,64.07718122371851,50.54693977010464
6,35000,0,0.0,3.6574857142857193,2.0,65.0,4.0,5.0,9.0,269.3592328649048,1.2842517337274955,66.02457758700304,52.08313291723746
