"runNumber","sampleCount","errorCount","errorPct","meanResTime","minResTime","maxResTime","pct1ResTime","pct2ResTime","pct3ResTime","throughput","receivedKBytesPerSec","sentKBytesPerSec"
1,35000,0,0.0,3.1537142857143055,2.0,64.0,4.0,4.0,7.0,312.3466155013163,75.34141995002453,60.39514635669983
2,35000,0,0.0,3.1832857142857027,2.0,1064.0,4.0,4.0,6.0,309.55097420113736,74.66708069109467,59.85458290217305
3,35000,0,0.0,3.1382857142857032,2.0,700.0,4.0,4.0,6.0,313.59478178283115,75.64249130894463,60.63649100878962
4,35000,0,0.0,3.1068857142857005,2.0,66.0,4.0,4.0,7.0,317.4401625293632,76.57003920386006,61.38003142657609
5,35000,0,0.0,3.087085714285691,2.0,73.0,4.0,4.0,6.0,318.5177095846529,76.82995533926686,61.58838525172
6,35000,0,0.0,3.204285714285704,2.0,2362.0,4.0,4.0,6.0,307.2115722210519,74.10279134628888,59.40223759742996
