"runNumber","sampleCount","errorCount","errorPct","meanResTime","minResTime","maxResTime","pct1ResTime","pct2ResTime","pct3ResTime","throughput","StdDev","receivedKBytesPerSec","sentKBytesPerSec"
1,34995,6282,17.951136,20.924132018859755,3.0,183.0,30.0,34.0,43.0,706.2278010978366,10.307319196271793,176.27303924412738,135.17641505388278
2,34995,6223,17.782541,20.396056579511296,3.0,3017.0,31.0,36.0,50.0,708.3577920369208,54.31765856093926,176.8723243021679,135.5841086320669
3,34995,895,2.5575082,26.777625375053567,3.0,381.0,44.0,54.0,83.0,541.2825589308915,20.170475289469923,139.82250645765018,103.60486479536596
4,34995,629,1.7973996,25.05886555222185,3.0,248.0,39.0,47.0,66.0,587.4699927814803,17.26391032725383,152.00643109251456,112.4454283058302
5,34995,489,1.3973424,23.124589227032423,3.0,319.0,42.0,51.0,70.0,636.874863507316,15.427351230818347,164.93413374918103,121.9018293431972
6,34995,467,1.3344764,23.336276610944516,3.0,202.0,40.0,48.0,67.0,632.0095356775207,14.69832735071177,163.69664400137256,120.97057518827545
