"resTime","throughput","errorPct"
20,583.2438020717195,2.1774539
