"resTime","throughput","errorPct"
18.0,774.5804161279748,17.313902499999998
