"resTime","throughput","errorPct"
20.0,634.4421995924183,2.1774539
