"resTime","throughput","errorPct"
19,640.4418505805482,17.313902499999998
