"resTime","throughput","errorPct"
18.0,640.4418505805482,17.313902499999998
