"runNumber","sampleCount","errorCount","errorPct","meanResTime","minResTime","maxResTime","pct1ResTime","pct2ResTime","pct3ResTime","throughput","receivedKBytesPerSec","sentKBytesPerSec"
1,34995,6346,18.13402,22.388884126303733,3.0,3202.0,30.0,34.0,45.0,656.3203300825206,163.74824907398724,125.62381317985746
2,34995,6120,17.488213,19.178196885269127,2.0,95.0,30.0,34.0,43.0,771.3756695395332,192.73607295776668,147.64612424780128
3,34995,6007,17.16531,19.20720102871833,2.0,1006.0,30.0,35.0,45.0,766.4761153820881,191.65205362814027,146.70831895985282
4,34995,6062,17.322475,19.266238034004942,2.0,223.0,31.0,35.0,44.0,760.3145979533751,190.04372603308926,145.52896601451323
5,34995,6124,17.499643,18.771110158594052,3.0,79.0,30.0,34.0,43.0,784.1313943848171,195.91814424197273,150.0876497064689
6,34995,6061,17.319616,18.99797113873412,2.0,218.0,30.0,34.0,43.0,774.4484033018347,193.57778163520481,148.2342646944918
