"resTime","throughput","errorPct"
21,580.4263785725423,2.1774539
