"resTime","throughput","errorPct"
20.0,580.4263785725423,2.1774539
