"resTime","throughput","errorPct"
18.0,768.9258924608107,17.405344
