"resTime","throughput","errorPct"
19.0,641.4098869430281,17.405344
