"resTime","throughput","errorPct"
19,641.8598495709905,17.313902499999998
