"resTime","throughput","errorPct"
19.0,638.6255400935803,17.405344
