"runNumber","sampleCount","errorCount","errorPct","meanResTime","minResTime","maxResTime","pct1ResTime","pct2ResTime","pct3ResTime","throughput","StdDev","receivedKBytesPerSec","sentKBytesPerSec"
1,35000,0,0.0,17.982457142857175,2.0,1042.0,44.0,50.0,58.0,55.413415746276215,17.926953851959603,55.063346439925525,11.176173188594811
2,35000,0,0.0,17.95597142857139,2.0,1612.0,43.0,50.0,59.0,55.49046436006019,18.162079029109044,55.15521153559555,11.191796510224513
3,35000,0,0.0,18.05765714285721,2.0,1597.0,44.0,51.0,59.0,55.1972988019032,18.723798629033446,54.84505563789152,11.132494314678222
4,35000,0,0.0,18.07045714285702,2.0,1854.0,44.0,51.0,59.0,55.150158123381935,20.115248569829337,54.7950689677348,11.123115981964323
5,35000,0,0.0,18.263542857142866,2.0,1569.0,44.0,50.0,59.0,54.56064649689472,19.033443763669716,54.236910352863184,11.004319132820878
6,35000,0,0.0,18.160514285714296,2.0,2032.0,44.0,50.0,60.0,54.87028664237742,21.43490323602378,54.52845424866508,11.066675432848175
