"resTime","throughput","errorPct"
6.0,97.59878451841223,55.977142
