"resTime","throughput","errorPct"
6.0,97.39559917546481,55.881427
