"resTime","throughput","errorPct"
2.0,244.18967433540507,55.977142
