"resTime","throughput","errorPct"
6,97.39559917546481,55.881427
