"runNumber","sampleCount","errorCount","errorPct","meanResTime","minResTime","maxResTime","pct1ResTime","pct2ResTime","pct3ResTime","throughput","StdDev","receivedKBytesPerSec","sentKBytesPerSec"
1,35000,19889,56.825714,3.965571428571422,1.0,1011.0,7.0,7.0,11.0,246.3088854171065,7.808743249977777,47.259081045739556,46.66398805753775
2,35000,26306,75.16,3.171371428571438,1.0,1011.0,7.0,8.0,13.0,306.7377129636121,7.722145789327546,55.23267835702517,58.112418276309334
3,35000,19295,55.12857,4.120914285714252,1.0,1013.0,7.0,7.0,11.0,237.31870546036438,8.607432633053483,45.79327299999661,44.9607703704206
4,35000,26730,76.37143,3.0150857142857044,1.0,1010.0,7.0,7.0,12.0,322.25987035945786,9.164256681482497,57.77321918332443,61.05313950169416
5,35000,18389,52.54,5.244771428571395,1.0,1117.0,7.0,7.0,13.0,187.3090117041374,17.88456788961608,36.335680075539045,35.486277608010404
6,35000,18732,53.52,4.038771428571443,1.0,1013.0,7.0,7.0,11.0,242.07046325370368,8.039536271834331,46.96445935507241,45.861005733611826
