"resTime","throughput","errorPct"
2.0,97.59878451841223,55.977142
