"resTime","throughput","errorPct"
6.0,220.61726834960749,55.881427
