"runNumber","sampleCount","errorCount","errorPct","meanResTime","minResTime","maxResTime","pct1ResTime","pct2ResTime","pct3ResTime","throughput","receivedKBytesPerSec","sentKBytesPerSec"
1,34995,28,0.08001143,480.06366623803206,5.0,3788.0,545.0,573.0,765.9900000000016,31.11280626043539,9.112843406654468,5.924801973422755
2,34995,0,0.0,471.66795256465474,54.0,1699.0,541.0,568.0,760.9900000000016,31.713393210732985,9.291033167206928,6.039171558684503
3,34995,0,0.0,474.35950850121213,56.0,1602.0,544.0,575.0,806.0,31.532197171067686,9.237948389961238,6.004666453474804
4,34995,0,0.0,475.36690955850844,53.0,1872.0,546.0,574.0,791.9900000000016,31.465315323010632,9.218354098538272,5.991930164049878
5,34995,0,0.0,477.47158165452214,53.0,2310.0,548.0,578.0,844.0,31.301179149720618,9.170267329019712,5.960673763862813
6,34995,0,0.0,478.05146449492815,53.0,2417.0,548.0,578.0,813.0,31.297483948804306,9.169184750626263,5.95997008790707
