"runNumber","sampleCount","errorCount","errorPct","meanResTime","minResTime","maxResTime","pct1ResTime","pct2ResTime","pct3ResTime","throughput","receivedKBytesPerSec","sentKBytesPerSec"
1,34995,35,0.100014284,482.27563937705395,4.0,3512.0,552.0,591.0,840.0,30.98767399851238,9.075635670137782,5.900973075888588
2,34995,0,0.0,478.4994427775413,52.0,1701.0,555.0,591.0,830.9900000000016,31.250530218668874,9.155428775000647,5.9510287037504215
3,34995,0,0.0,475.4386626660946,52.0,1962.0,558.0,634.9500000000007,926.9900000000016,31.4356088779657,9.209651038466513,5.986273175003234
4,34995,0,0.0,473.92938991284234,51.0,1761.0,545.0,580.0,841.9600000000064,31.54342392396768,9.241237477724907,6.00680436052119
5,34995,0,0.0,472.6604086298084,51.0,1860.0,548.0,583.0,807.0,31.61760719900255,9.262970859082778,6.020931058403806
6,34995,0,0.0,474.5768252607501,52.0,1720.0,546.0,582.0,830.9900000000016,31.52256842951042,9.235127469583132,6.002832855229036
