"runNumber","sampleCount","errorCount","errorPct","meanResTime","minResTime","maxResTime","pct1ResTime","pct2ResTime","pct3ResTime","throughput","receivedKBytesPerSec","sentKBytesPerSec"
1,35000,0,0.0,24.959285714285645,2.0,188.0,31.0,35.0,50.0,786.3224820830806,189.66958308058682,152.04282368403315
2,35000,0,0.0,24.868114285714196,2.0,125.0,32.0,36.0,50.0,790.6566968622224,190.71504309078998,152.88088474484377
3,35000,0,0.0,25.021514285714183,3.0,138.0,31.0,35.0,50.0,786.9058860560277,189.81030649984262,152.15563031161471
4,35000,0,0.0,24.895085714285695,2.0,160.0,31.0,35.0,54.0,790.0677200902935,190.57297545146727,152.7670005643341
5,35000,0,0.0,25.176771428571616,2.0,134.0,32.0,37.0,50.0,780.3964413922273,188.24015724988294,150.8969681598252
6,35000,0,0.0,25.02277142857161,2.0,115.0,32.0,36.0,50.9900000000016,787.8446820483962,190.03675436128307,152.3371553179516
