"runNumber","sampleCount","errorCount","errorPct","meanResTime","minResTime","maxResTime","pct1ResTime","pct2ResTime","pct3ResTime","throughput","receivedKBytesPerSec","sentKBytesPerSec"
1,35000,0,0.0,7.995085714285715,2.0,4823.0,9.0,10.0,15.0,615.8935735904836,148.56026628598576,119.0887964559724
2,35000,0,0.0,7.260314285714261,2.0,86.0,9.0,10.0,14.0,677.3101112723754,163.374606918239,130.96425979680697
3,35000,0,0.0,7.2965428571428514,2.0,84.0,9.0,10.0,16.0,673.9452756436177,162.56297176169295,130.31363728265265
4,35000,0,0.0,7.267600000000006,2.0,81.0,9.0,10.0,16.0,676.563828964664,163.19459546315628,130.81995911621433
5,35000,0,0.0,7.428999999999957,2.0,72.0,9.0,11.0,20.0,662.7532664268131,159.86333672599886,128.14955737549707
6,35000,0,0.0,7.340371428571421,2.0,74.0,9.0,10.0,15.0,669.9333894801317,161.5952609390552,129.53790148150983
