"runNumber","sampleCount","errorCount","errorPct","meanResTime","minResTime","maxResTime","pct1ResTime","pct2ResTime","pct3ResTime","throughput","StdDev","receivedKBytesPerSec","sentKBytesPerSec"
1,35000,0,0.0,16.72417142857124,3.0,91.0,21.0,24.0,35.0,589.543188249562,5.015963974768174,144.50716821351568,113.99370241544266
2,35000,0,0.0,16.669885714285616,3.0,715.0,21.0,24.0,35.0,591.7459888075473,12.943809774509795,145.04711249091247,114.41963455458435
3,35000,0,0.0,17.126828571428582,3.0,1046.0,21.0,25.0,35.0,576.6442599182813,22.760490860835176,141.3454191791881,111.49957369513642
4,35000,0,0.0,16.400971428571587,3.0,77.0,21.0,25.0,34.0,601.1576578897648,4.683419695025872,147.35407434602635,116.23946900602876
5,35000,0,0.0,15.827114285714362,3.0,75.0,20.0,23.0,33.0,623.1195143228471,4.54826043737246,152.73730282718225,120.48599983976928
6,35000,0,0.0,16.305999999999788,3.0,76.0,21.0,24.0,35.0,605.0861815604308,4.681314390224853,148.31702301920714,116.99908588766142
