"runNumber","sampleCount","errorCount","errorPct","meanResTime","minResTime","maxResTime","pct1ResTime","pct2ResTime","pct3ResTime","throughput","receivedKBytesPerSec","sentKBytesPerSec"
1,34995,0,0.0,45.395827975424986,3.0,2031.0,46.0,49.0,58.0,325.90171262537365,91.65985667588635,62.37962468220043
2,34995,0,0.0,43.84174882126039,3.0,1651.0,45.0,47.0,53.0,339.78367251825387,95.5641578957589,65.03671856794702
3,34995,0,0.0,44.994599228461205,3.0,3960.0,45.0,47.0,52.0,328.80457761366523,92.47628745384334,62.9352511838656
4,34995,0,0.0,43.291555936562425,3.0,145.0,45.0,47.0,54.0,343.6036407552505,96.63852396241421,65.76788436330968
5,34995,0,0.0,44.85155022146042,2.0,1643.0,45.0,47.0,55.0,328.25250914548354,92.32101819716725,62.82958182862771
6,34995,0,0.0,43.20662951850285,3.0,82.0,45.0,47.0,53.0,344.62214168948066,96.92497735016642,65.96283180775215
