"runNumber","sampleCount","errorCount","errorPct","meanResTime","minResTime","maxResTime","pct1ResTime","pct2ResTime","pct3ResTime","throughput","StdDev","receivedKBytesPerSec","sentKBytesPerSec"
1,34995,0,0.0,239.85920845835142,20.0,1238.0,320.0,346.0,394.0,62.42151602500071,61.88532391908988,60.697143523332926,12.65055559184944
2,34995,0,0.0,231.9366195170748,6.0,1336.0,322.0,346.0,392.0,64.55760652604627,63.64820455008779,62.763702537038306,13.08356200272011
3,34995,0,0.0,237.01454493499085,15.0,1181.0,319.0,346.0,396.0,63.181327430752404,61.28432757226504,61.4529301818799,12.804806010124901
4,34995,0,0.0,231.67463923417688,20.0,509.0,316.0,341.0,391.0,64.61804356617003,62.21816364136802,62.83356077422092,13.095749161114876
5,34995,0,0.0,226.31201600228596,5.0,487.0,319.0,343.0,389.0,66.1552450645862,62.88738984204292,64.34033856002935,13.407373130965457
6,34995,0,0.0,237.70984426346521,13.0,1214.0,324.0,350.0,398.0,62.981880223743595,62.668537522478985,61.26041191422982,12.76436519648205
