"runNumber","sampleCount","errorCount","errorPct","meanResTime","minResTime","maxResTime","pct1ResTime","pct2ResTime","pct3ResTime","throughput","StdDev","receivedKBytesPerSec","sentKBytesPerSec"
1,34995,0,0.0,110.53881983140401,4.0,3114.0,262.0,345.0,504.9900000000016,133.43628460306567,114.98594281979938,129.74330623117328,27.042723287481888
2,34995,0,0.0,113.1042148878408,4.0,1078.0,274.0,359.9500000000007,544.0,130.51066797444608,117.7053406011979,126.9731523633731,26.450043022229142
3,34995,0,0.0,113.0183454779252,4.0,1170.0,273.0,360.9500000000007,565.9900000000016,130.28667163067757,120.29624567738092,126.65990901898734,26.404144900642216
4,34995,0,0.0,119.91515930847234,4.0,1226.0,287.0,385.0,607.0,123.30910256907177,130.86342613861555,119.83500880574809,24.990257051425484
5,34995,0,0.0,120.08366909558511,4.0,1207.0,299.0,402.0,634.9900000000016,123.05414804474185,132.86698255099253,119.65182595591571,24.938659181854305
6,34995,0,0.0,114.21314473496258,4.0,1453.0,274.90000000000146,372.0,577.9900000000016,129.13045884762272,122.54184127071443,125.59809926246749,26.170775937021457
