"runNumber","sampleCount","errorCount","errorPct","meanResTime","minResTime","maxResTime","pct1ResTime","pct2ResTime","pct3ResTime","throughput","receivedKBytesPerSec","sentKBytesPerSec"
1,35000,0,0.0,52.58605714285726,2.0,10765.0,90.0,105.0,139.0,94.47713653295902,78.26479927404444,19.311733005925067
2,35000,0,0.0,54.21317142857161,9.0,391.0,90.0,106.0,145.0,91.98979176139426,85.66970806546783,18.803555306891088
3,35000,0,0.0,53.71039999999999,9.0,432.0,90.0,106.0,148.0,92.749629001484,86.3807184907979,18.95909813821682
4,35000,5,0.014285714,53.63422857142837,8.0,551.0,91.0,108.0,150.0,92.79020135473694,86.39954031568553,18.96724920134148
5,35000,0,0.0,73.46228571428509,9.0,521.0,129.0,158.0,224.0,67.75277592801946,63.06686426178996,13.849115430041389
6,35000,0,0.0,74.45388571428506,9.0,701.0,138.0,171.95000000000073,257.9900000000016,66.96373053029535,62.34604881404841,13.688075962818866
