"runNumber","sampleCount","errorCount","errorPct","meanResTime","minResTime","maxResTime","pct1ResTime","pct2ResTime","pct3ResTime","throughput","receivedKBytesPerSec","sentKBytesPerSec"
1,35000,0,0.0,696.4143714285727,12.0,2770.0,1072.0,1249.0,1536.0,71.11277266668833,66.157012033678,14.53615908295508
2,35000,0,0.0,426.13945714285774,16.0,2158.0,1018.0,1193.0,1463.9700000000048,116.26052988227791,108.28666325116758,23.764589788214835
3,35000,0,0.0,442.7479142857139,11.0,2452.0,731.0,1179.0,1502.0,111.87398514313477,104.0801266453467,22.867691831920528
4,35000,151,0.43142858,362.94700000000216,11.0,2068.0,598.0,708.0,955.0,135.46988697940856,125.58170784588364,27.69138674596493
5,35000,0,0.0,642.1349999999945,13.0,2354.0,999.0,1172.0,1480.0,77.17444511573962,71.85210434040104,15.775093959886929
6,35000,0,0.0,414.907828571431,13.0,2458.0,1085.0,1180.9500000000007,1339.0,118.98569791911012,110.797025166325,24.321656029132797
