"runNumber","sampleCount","errorCount","errorPct","meanResTime","minResTime","maxResTime","pct1ResTime","pct2ResTime","pct3ResTime","throughput","StdDev","receivedKBytesPerSec","sentKBytesPerSec"
1,35000,0,0.0,77.77742857142798,9.0,1434.0,125.0,141.0,172.0,61.14274034774497,46.061223792720774,58.27515606138556,12.498127162378522
2,35000,0,0.0,74.45234285714324,10.0,1229.0,125.0,142.0,176.0,62.67650150513142,43.19591925016118,59.75178580462302,12.81170821950833
3,35000,0,0.0,75.8832857142861,10.0,1412.0,128.0,145.0,180.0,62.95847259147866,41.80284190603528,59.939594507525335,12.868910299578896
4,35000,0,0.0,76.80460000000042,10.0,1176.0,131.0,148.0,178.0,62.21812965191623,45.165310507915024,59.28259184229215,12.717934275878742
5,35000,0,0.0,75.12739999999961,10.0,1201.0,125.0,142.0,170.0,62.548810410981424,44.509417947757676,59.599410611495045,12.785528338632112
6,35000,0,0.0,74.89322857142916,10.0,1081.0,128.0,146.0,179.0,61.82762458266353,43.26323932890326,58.90412157022293,12.638349660610503
