"startTime","resTime","throughput","errorPct"
"warm_0",3.0,327.3868561089517,0.0
"cold_0",3.0,256.6264876140259,0.0
"warm_1",3.0,325.3511898428911,0.0
"cold_1",3.0,239.98847624173146,0.0
"warm_2",3.0,318.71893019923266,0.0
"cold_2",3.0,255.68557469323628,0.0
