"startTime","resTime","throughput","errorPct"
"warm_0",3.0,286.1046535012736,0.0
"cold_0",3.0,227.85035624289623,0.0
"warm_1",3.0,295.8288680121668,0.0
"cold_1",3.0,267.85823646953475,0.0
"warm_2",3.0,290.7676856132715,0.0
"cold_2",3.0,224.51456252278803,0.0
