"startTime","resTime","throughput","errorPct"
"warm_0",3.0,325.28664238679477,0.0
"cold_0",3.0,214.0562213810126,0.0
"warm_1",3.0,334.1640392805304,0.0
"cold_1",3.0,212.19123652359696,0.0
"warm_2",3.0,341.07122557091867,0.0
"cold_2",3.0,207.64434944560261,0.0
