"startTime","resTime","throughput","errorPct"
"warm_0",3,326.5893170900763,0.0
"cold_0",3,324.74114530584325,0.0
"warm_1",3,343.6229749631811,0.0
"cold_1",3.0,324.1635710487075,0.0
"warm_2",3.0,344.2719707253733,0.0
"cold_2",3,311.7666257157549,0.0
