"startTime","resTime","throughput","errorPct"
"warm_0",3.0,294.6449638139676,0.0
"cold_0",3.0,250.59544332616395,0.0
"warm_1",3.0,299.514091192475,0.0
"cold_1",3.0,256.74046766074474,0.0
"warm_2",3.0,309.2767599903886,0.0
"cold_2",3.0,262.8270554054056,0.0
