"startTime","resTime","throughput","errorPct"
"warm_0",3,330.0238036943613,0.0
"cold_0",3.0,332.76285013406357,0.0
"warm_1",3,326.78137586157715,0.0
"cold_1",3.0,312.2758177632636,0.0
"warm_2",3.0,320.0231540033897,0.0
"cold_2",3,338.0317456959407,0.0
