"startTime","resTime","throughput","errorPct"
"warm_0",3.0,296.076341302472,0.0
"cold_0",3,284.86574051347503,0.008571918
"warm_1",3,283.54907535000405,0.0
"cold_1",3.0,277.51605995717347,0.008571918
"warm_2",3.0,291.8981133963869,0.0
"cold_2",3.0,273.9611812602162,0.0
