"startTime","resTime","throughput","errorPct"
"warm_0",3.0,291.0908679202512,0.0
"cold_0",3.0,221.47410142707207,0.008571918
"warm_1",3.0,282.61447052189806,0.0
"cold_1",3.0,188.81214413834687,0.008571918
"warm_2",3.0,289.2866874422731,0.0
"cold_2",3.0,188.16988479271345,0.0
